unit_id,batch_id,variant,timestamp,label,defect_category,image_path,bbox,roughness_ra,dimension_delta_mm,optical_score
U1000,B101,Variant-Gamma,2026-09-15 08:00:00,0,None,data/sample/images/U1000.png,[],1.52,-0.003,92.2
U1001,B101,Variant-Gamma,2026-09-15 08:04:00,0,None,data/sample/images/U1001.png,[],1.16,0.047,95.4
U1002,B101,Variant-Gamma,2026-09-15 08:08:00,0,None,data/sample/images/U1002.png,[],1.27,0.049,92.5
U1003,B101,Variant-Alpha,2026-09-15 08:12:00,0,None,data/sample/images/U1003.png,[],1.19,0.025,95.2
U1004,B101,Variant-Alpha,2026-09-15 08:16:00,0,None,data/sample/images/U1004.png,[],1.0,0.0,93.5
U1005,B101,Variant-Gamma,2026-09-15 08:20:00,0,None,data/sample/images/U1005.png,[],1.11,0.081,95.0
U1006,B101,Variant-Alpha,2026-09-15 08:24:00,0,None,data/sample/images/U1006.png,[],0.9,0.014,94.7
U1007,B101,Variant-Alpha,2026-09-15 08:28:00,0,None,data/sample/images/U1007.png,[],1.69,0.008,95.3
U1008,B101,Variant-Alpha,2026-09-15 08:32:00,0,None,data/sample/images/U1008.png,[],1.46,0.041,96.7
U1009,B101,Variant-Alpha,2026-09-15 08:36:00,0,None,data/sample/images/U1009.png,[],1.09,0.036,100.6
U1010,B101,Variant-Alpha,2026-09-15 08:40:00,0,None,data/sample/images/U1010.png,[],1.07,-0.005,94.8
U1011,B101,Variant-Beta,2026-09-15 08:44:00,1,Pinhole Void,data/sample/images/U1011.png,"[43,44,21,18]",2.42,0.133,84.4
U1012,B101,Variant-Beta,2026-09-15 08:48:00,0,None,data/sample/images/U1012.png,[],1.46,0.046,95.1
U1013,B101,Variant-Beta,2026-09-15 08:52:00,0,None,data/sample/images/U1013.png,[],0.99,-0.045,94.8
U1014,B101,Variant-Gamma,2026-09-15 08:56:00,0,None,data/sample/images/U1014.png,[],1.43,0.02,92.8
U1015,B101,Variant-Beta,2026-09-15 09:00:00,0,None,data/sample/images/U1015.png,[],1.1,0.005,97.5
U1016,B101,Variant-Gamma,2026-09-15 09:04:00,0,None,data/sample/images/U1016.png,[],1.4,0.078,96.1
U1017,B101,Variant-Gamma,2026-09-15 09:08:00,0,None,data/sample/images/U1017.png,[],1.22,0.01,89.1
U1018,B101,Variant-Alpha,2026-09-15 09:12:00,0,None,data/sample/images/U1018.png,[],1.01,0.014,98.3
U1019,B101,Variant-Beta,2026-09-15 09:16:00,0,None,data/sample/images/U1019.png,[],1.12,0.037,103.1
U1020,B101,Variant-Beta,2026-09-15 09:20:00,0,None,data/sample/images/U1020.png,[],1.31,0.017,97.0
U1021,B101,Variant-Alpha,2026-09-15 09:24:00,0,None,data/sample/images/U1021.png,[],1.24,0.063,97.8
U1022,B101,Variant-Gamma,2026-09-15 09:28:00,0,None,data/sample/images/U1022.png,[],1.75,0.014,94.5
U1023,B101,Variant-Alpha,2026-09-15 09:32:00,0,None,data/sample/images/U1023.png,[],1.28,0.036,89.1
U1024,B101,Variant-Beta,2026-09-15 09:36:00,0,None,data/sample/images/U1024.png,[],1.21,-0.002,92.8
U1025,B101,Variant-Alpha,2026-09-15 09:40:00,0,None,data/sample/images/U1025.png,[],1.1,0.053,93.6
U1026,B101,Variant-Gamma,2026-09-15 09:44:00,0,None,data/sample/images/U1026.png,[],1.36,-0.023,90.8
U1027,B101,Variant-Alpha,2026-09-15 09:48:00,0,None,data/sample/images/U1027.png,[],1.11,0.031,99.5
U1028,B101,Variant-Alpha,2026-09-15 09:52:00,0,None,data/sample/images/U1028.png,[],1.37,-0.035,91.2
U1029,B101,Variant-Alpha,2026-09-15 09:56:00,0,None,data/sample/images/U1029.png,[],1.34,0.017,93.4
U1030,B101,Variant-Alpha,2026-09-15 10:00:00,0,None,data/sample/images/U1030.png,[],1.09,-0.001,93.3
U1031,B101,Variant-Alpha,2026-09-15 10:04:00,0,None,data/sample/images/U1031.png,[],1.36,-0.055,95.7
U1032,B101,Variant-Gamma,2026-09-15 10:08:00,0,None,data/sample/images/U1032.png,[],1.24,0.033,93.4
U1033,B101,Variant-Alpha,2026-09-15 10:12:00,0,None,data/sample/images/U1033.png,[],1.33,0.011,93.1
U1034,B101,Variant-Alpha,2026-09-15 10:16:00,0,None,data/sample/images/U1034.png,[],1.12,-0.005,94.1
U1035,B101,Variant-Beta,2026-09-15 10:20:00,1,Contamination,data/sample/images/U1035.png,"[58,56,28,20]",2.29,0.187,88.0
U1036,B101,Variant-Alpha,2026-09-15 10:24:00,0,None,data/sample/images/U1036.png,[],1.32,0.073,90.8
U1037,B101,Variant-Alpha,2026-09-15 10:28:00,0,None,data/sample/images/U1037.png,[],1.58,0.007,99.7
U1038,B101,Variant-Alpha,2026-09-15 10:32:00,0,None,data/sample/images/U1038.png,[],1.02,0.011,88.9
U1039,B101,Variant-Beta,2026-09-15 10:36:00,0,None,data/sample/images/U1039.png,[],1.02,0.011,93.2
U1040,B101,Variant-Beta,2026-09-15 10:40:00,0,None,data/sample/images/U1040.png,[],1.32,0.047,93.9
U1041,B101,Variant-Beta,2026-09-15 10:44:00,0,None,data/sample/images/U1041.png,[],1.26,-0.051,98.1
U1042,B101,Variant-Beta,2026-09-15 10:48:00,0,None,data/sample/images/U1042.png,[],1.37,0.017,95.7
U1043,B101,Variant-Gamma,2026-09-15 10:52:00,0,None,data/sample/images/U1043.png,[],1.23,-0.002,95.1
U1044,B101,Variant-Alpha,2026-09-15 10:56:00,0,None,data/sample/images/U1044.png,[],1.14,0.003,97.2
U1045,B101,Variant-Gamma,2026-09-15 11:00:00,0,None,data/sample/images/U1045.png,[],1.51,-0.007,97.0
U1046,B101,Variant-Alpha,2026-09-15 11:04:00,0,None,data/sample/images/U1046.png,[],0.93,-0.028,92.6
U1047,B101,Variant-Gamma,2026-09-15 11:08:00,0,None,data/sample/images/U1047.png,[],1.46,0.069,93.3
U1048,B101,Variant-Beta,2026-09-15 11:12:00,0,None,data/sample/images/U1048.png,[],1.25,0.048,93.0
U1049,B101,Variant-Gamma,2026-09-15 11:16:00,0,None,data/sample/images/U1049.png,[],1.42,0.006,92.8
U1050,B102,Variant-Gamma,2026-09-15 12:00:00,0,None,data/sample/images/U1050.png,[],1.59,0.052,89.5
U1051,B102,Variant-Alpha,2026-09-15 12:04:00,0,None,data/sample/images/U1051.png,[],1.17,0.042,96.4
U1052,B102,Variant-Beta,2026-09-15 12:08:00,0,None,data/sample/images/U1052.png,[],1.12,0.015,88.6
U1053,B102,Variant-Gamma,2026-09-15 12:12:00,0,None,data/sample/images/U1053.png,[],1.57,0.036,98.3
U1054,B102,Variant-Alpha,2026-09-15 12:16:00,0,None,data/sample/images/U1054.png,[],1.17,0.022,96.1
U1055,B102,Variant-Alpha,2026-09-15 12:20:00,0,None,data/sample/images/U1055.png,[],1.41,0.055,93.2
U1056,B102,Variant-Gamma,2026-09-15 12:24:00,0,None,data/sample/images/U1056.png,[],1.13,0.063,88.8
U1057,B102,Variant-Gamma,2026-09-15 12:28:00,0,None,data/sample/images/U1057.png,[],1.53,0.004,94.5
U1058,B102,Variant-Alpha,2026-09-15 12:32:00,1,Surface Scratch,data/sample/images/U1058.png,"[63,25,17,27]",2.41,0.069,76.3
U1059,B102,Variant-Beta,2026-09-15 12:36:00,0,None,data/sample/images/U1059.png,[],1.24,-0.051,96.2
U1060,B102,Variant-Alpha,2026-09-15 12:40:00,0,None,data/sample/images/U1060.png,[],1.22,0.025,93.2
U1061,B102,Variant-Alpha,2026-09-15 12:44:00,0,None,data/sample/images/U1061.png,[],1.29,-0.016,98.8
U1062,B102,Variant-Beta,2026-09-15 12:48:00,0,None,data/sample/images/U1062.png,[],1.09,0.007,91.7
U1063,B102,Variant-Beta,2026-09-15 12:52:00,0,None,data/sample/images/U1063.png,[],1.16,-0.011,92.0
U1064,B102,Variant-Alpha,2026-09-15 12:56:00,0,None,data/sample/images/U1064.png,[],1.16,0.013,92.7
U1065,B102,Variant-Beta,2026-09-15 13:00:00,0,None,data/sample/images/U1065.png,[],0.96,0.011,96.3
U1066,B102,Variant-Beta,2026-09-15 13:04:00,0,None,data/sample/images/U1066.png,[],1.03,0.022,98.4
U1067,B102,Variant-Alpha,2026-09-15 13:08:00,0,None,data/sample/images/U1067.png,[],1.17,0.063,92.6
U1068,B102,Variant-Alpha,2026-09-15 13:12:00,0,None,data/sample/images/U1068.png,[],1.13,0.019,95.5
U1069,B102,Variant-Beta,2026-09-15 13:16:00,0,None,data/sample/images/U1069.png,[],1.59,0.071,96.2
U1070,B102,Variant-Beta,2026-09-15 13:20:00,0,None,data/sample/images/U1070.png,[],1.12,-0.008,92.1
U1071,B102,Variant-Alpha,2026-09-15 13:24:00,0,None,data/sample/images/U1071.png,[],1.08,-0.107,93.7
U1072,B102,Variant-Gamma,2026-09-15 13:28:00,0,None,data/sample/images/U1072.png,[],1.15,0.104,98.4
U1073,B102,Variant-Beta,2026-09-15 13:32:00,0,None,data/sample/images/U1073.png,[],1.18,0.023,96.7
U1074,B102,Variant-Gamma,2026-09-15 13:36:00,0,None,data/sample/images/U1074.png,[],1.4,0.087,95.2
U1075,B102,Variant-Beta,2026-09-15 13:40:00,0,None,data/sample/images/U1075.png,[],1.17,0.006,96.0
U1076,B102,Variant-Beta,2026-09-15 13:44:00,0,None,data/sample/images/U1076.png,[],1.21,0.065,95.8
U1077,B102,Variant-Alpha,2026-09-15 13:48:00,1,Pinhole Void,data/sample/images/U1077.png,"[26,37,28,25]",2.91,0.049,86.0
U1078,B102,Variant-Beta,2026-09-15 13:52:00,0,None,data/sample/images/U1078.png,[],0.93,0.067,92.0
U1079,B102,Variant-Beta,2026-09-15 13:56:00,0,None,data/sample/images/U1079.png,[],1.35,0.017,97.5
U1080,B102,Variant-Gamma,2026-09-15 14:00:00,0,None,data/sample/images/U1080.png,[],1.36,-0.004,90.9
U1081,B102,Variant-Alpha,2026-09-15 14:04:00,0,None,data/sample/images/U1081.png,[],1.02,-0.06,95.9
U1082,B102,Variant-Gamma,2026-09-15 14:08:00,0,None,data/sample/images/U1082.png,[],1.03,-0.026,94.4
U1083,B102,Variant-Beta,2026-09-15 14:12:00,0,None,data/sample/images/U1083.png,[],1.09,0.002,91.5
U1084,B102,Variant-Alpha,2026-09-15 14:16:00,0,None,data/sample/images/U1084.png,[],1.28,-0.012,94.6
U1085,B102,Variant-Gamma,2026-09-15 14:20:00,0,None,data/sample/images/U1085.png,[],1.31,0.022,99.0
U1086,B102,Variant-Beta,2026-09-15 14:24:00,0,None,data/sample/images/U1086.png,[],1.41,0.031,93.5
U1087,B102,Variant-Alpha,2026-09-15 14:28:00,0,None,data/sample/images/U1087.png,[],1.41,-0.012,96.1
U1088,B102,Variant-Beta,2026-09-15 14:32:00,0,None,data/sample/images/U1088.png,[],1.26,-0.016,92.5
U1089,B102,Variant-Alpha,2026-09-15 14:36:00,0,None,data/sample/images/U1089.png,[],1.04,0.005,100.6
U1090,B102,Variant-Beta,2026-09-15 14:40:00,0,None,data/sample/images/U1090.png,[],1.63,0.064,88.9
U1091,B102,Variant-Alpha,2026-09-15 14:44:00,0,None,data/sample/images/U1091.png,[],1.44,-0.035,96.2
U1092,B102,Variant-Alpha,2026-09-15 14:48:00,0,None,data/sample/images/U1092.png,[],1.14,-0.029,97.8
U1093,B102,Variant-Alpha,2026-09-15 14:52:00,0,None,data/sample/images/U1093.png,[],1.24,0.021,97.0
U1094,B102,Variant-Gamma,2026-09-15 14:56:00,1,Contamination,data/sample/images/U1094.png,"[54,62,17,28]",2.69,0.178,71.8
U1095,B102,Variant-Beta,2026-09-15 15:00:00,0,None,data/sample/images/U1095.png,[],1.35,-0.012,89.4
U1096,B102,Variant-Beta,2026-09-15 15:04:00,0,None,data/sample/images/U1096.png,[],1.3,-0.017,96.3
U1097,B102,Variant-Alpha,2026-09-15 15:08:00,0,None,data/sample/images/U1097.png,[],0.95,-0.008,94.6
U1098,B102,Variant-Alpha,2026-09-15 15:12:00,0,None,data/sample/images/U1098.png,[],1.43,-0.005,96.8
U1099,B102,Variant-Beta,2026-09-15 15:16:00,0,None,data/sample/images/U1099.png,[],1.05,-0.072,92.3
U1100,B103,Variant-Alpha,2026-09-15 16:00:00,0,None,data/sample/images/U1100.png,[],1.32,-0.006,94.7
U1101,B103,Variant-Beta,2026-09-15 16:04:00,0,None,data/sample/images/U1101.png,[],1.22,0.027,93.3
U1102,B103,Variant-Alpha,2026-09-15 16:08:00,0,None,data/sample/images/U1102.png,[],1.32,0.0,95.3
U1103,B103,Variant-Alpha,2026-09-15 16:12:00,0,None,data/sample/images/U1103.png,[],1.62,0.057,93.4
U1104,B103,Variant-Alpha,2026-09-15 16:16:00,0,None,data/sample/images/U1104.png,[],0.91,0.003,94.6
U1105,B103,Variant-Alpha,2026-09-15 16:20:00,0,None,data/sample/images/U1105.png,[],1.55,0.044,88.3
U1106,B103,Variant-Gamma,2026-09-15 16:24:00,0,None,data/sample/images/U1106.png,[],0.98,0.055,95.4
U1107,B103,Variant-Beta,2026-09-15 16:28:00,0,None,data/sample/images/U1107.png,[],1.18,0.021,95.2
U1108,B103,Variant-Alpha,2026-09-15 16:32:00,0,None,data/sample/images/U1108.png,[],1.4,-0.015,94.7
U1109,B103,Variant-Beta,2026-09-15 16:36:00,0,None,data/sample/images/U1109.png,[],1.16,0.051,93.1
U1110,B103,Variant-Alpha,2026-09-15 16:40:00,0,None,data/sample/images/U1110.png,[],1.2,-0.019,93.3
U1111,B103,Variant-Alpha,2026-09-15 16:44:00,0,None,data/sample/images/U1111.png,[],1.32,0.045,98.3
U1112,B103,Variant-Beta,2026-09-15 16:48:00,0,None,data/sample/images/U1112.png,[],1.11,-0.029,89.5
U1113,B103,Variant-Alpha,2026-09-15 16:52:00,0,None,data/sample/images/U1113.png,[],1.52,0.025,91.3
U1114,B103,Variant-Beta,2026-09-15 16:56:00,0,None,data/sample/images/U1114.png,[],1.27,0.04,95.8
U1115,B103,Variant-Beta,2026-09-15 17:00:00,0,None,data/sample/images/U1115.png,[],1.29,0.081,98.3
U1116,B103,Variant-Alpha,2026-09-15 17:04:00,0,None,data/sample/images/U1116.png,[],1.07,0.011,94.7
U1117,B103,Variant-Beta,2026-09-15 17:08:00,0,None,data/sample/images/U1117.png,[],1.45,0.009,93.3
U1118,B103,Variant-Gamma,2026-09-15 17:12:00,1,Surface Scratch,data/sample/images/U1118.png,"[49,50,25,20]",2.07,0.075,79.2
U1119,B103,Variant-Alpha,2026-09-15 17:16:00,0,None,data/sample/images/U1119.png,[],1.55,0.006,93.7
U1120,B103,Variant-Alpha,2026-09-15 17:20:00,0,None,data/sample/images/U1120.png,[],1.21,0.039,99.7
U1121,B103,Variant-Alpha,2026-09-15 17:24:00,0,None,data/sample/images/U1121.png,[],1.45,0.006,91.4
U1122,B103,Variant-Alpha,2026-09-15 17:28:00,0,None,data/sample/images/U1122.png,[],1.71,0.017,94.5
U1123,B103,Variant-Alpha,2026-09-15 17:32:00,0,None,data/sample/images/U1123.png,[],1.25,-0.005,93.0
U1124,B103,Variant-Alpha,2026-09-15 17:36:00,0,None,data/sample/images/U1124.png,[],1.12,0.019,93.8
U1125,B103,Variant-Beta,2026-09-15 17:40:00,0,None,data/sample/images/U1125.png,[],1.52,0.059,88.7
U1126,B103,Variant-Alpha,2026-09-15 17:44:00,0,None,data/sample/images/U1126.png,[],1.0,-0.012,91.4
U1127,B103,Variant-Alpha,2026-09-15 17:48:00,0,None,data/sample/images/U1127.png,[],1.57,0.048,98.1
U1128,B103,Variant-Alpha,2026-09-15 17:52:00,0,None,data/sample/images/U1128.png,[],1.38,-0.025,93.0
U1129,B103,Variant-Beta,2026-09-15 17:56:00,0,None,data/sample/images/U1129.png,[],1.34,0.007,93.5
U1130,B103,Variant-Beta,2026-09-15 18:00:00,0,None,data/sample/images/U1130.png,[],1.19,0.056,91.5
U1131,B103,Variant-Alpha,2026-09-15 18:04:00,0,None,data/sample/images/U1131.png,[],1.36,0.026,91.0
U1132,B103,Variant-Alpha,2026-09-15 18:08:00,0,None,data/sample/images/U1132.png,[],1.16,0.052,92.5
U1133,B103,Variant-Beta,2026-09-15 18:12:00,0,None,data/sample/images/U1133.png,[],1.0,-0.03,99.4
U1134,B103,Variant-Beta,2026-09-15 18:16:00,0,None,data/sample/images/U1134.png,[],1.29,0.012,93.0
U1135,B103,Variant-Gamma,2026-09-15 18:20:00,0,None,data/sample/images/U1135.png,[],1.32,0.019,94.9
U1136,B103,Variant-Alpha,2026-09-15 18:24:00,1,Surface Scratch,data/sample/images/U1136.png,"[64,26,27,23]",2.37,0.119,73.9
U1137,B103,Variant-Alpha,2026-09-15 18:28:00,1,Contamination,data/sample/images/U1137.png,"[45,60,23,20]",2.7,0.133,77.3
U1138,B103,Variant-Alpha,2026-09-15 18:32:00,0,None,data/sample/images/U1138.png,[],1.09,-0.017,92.0
U1139,B103,Variant-Beta,2026-09-15 18:36:00,0,None,data/sample/images/U1139.png,[],1.4,0.057,95.2
U1140,B103,Variant-Alpha,2026-09-15 18:40:00,0,None,data/sample/images/U1140.png,[],0.92,-0.02,94.9
U1141,B103,Variant-Alpha,2026-09-15 18:44:00,0,None,data/sample/images/U1141.png,[],1.21,0.044,94.2
U1142,B103,Variant-Beta,2026-09-15 18:48:00,0,None,data/sample/images/U1142.png,[],1.23,0.034,89.6
U1143,B103,Variant-Beta,2026-09-15 18:52:00,0,None,data/sample/images/U1143.png,[],1.23,0.023,95.2
U1144,B103,Variant-Gamma,2026-09-15 18:56:00,0,None,data/sample/images/U1144.png,[],1.16,0.095,90.9
U1145,B103,Variant-Alpha,2026-09-15 19:00:00,0,None,data/sample/images/U1145.png,[],1.01,-0.018,100.9
U1146,B103,Variant-Alpha,2026-09-15 19:04:00,0,None,data/sample/images/U1146.png,[],1.43,-0.006,95.1
U1147,B103,Variant-Alpha,2026-09-15 19:08:00,0,None,data/sample/images/U1147.png,[],1.6,0.039,98.1
U1148,B103,Variant-Beta,2026-09-15 19:12:00,0,None,data/sample/images/U1148.png,[],1.26,0.015,95.2
U1149,B103,Variant-Beta,2026-09-15 19:16:00,1,Pinhole Void,data/sample/images/U1149.png,"[56,34,21,15]",2.98,0.154,74.0
U1150,B104,Variant-Gamma,2026-09-15 20:00:00,1,Pinhole Void,data/sample/images/U1150.png,"[33,32,16,25]",2.63,0.174,81.2
U1151,B104,Variant-Alpha,2026-09-15 20:04:00,0,None,data/sample/images/U1151.png,[],1.26,0.018,93.2
U1152,B104,Variant-Alpha,2026-09-15 20:08:00,0,None,data/sample/images/U1152.png,[],1.29,-0.002,98.0
U1153,B104,Variant-Alpha,2026-09-15 20:12:00,0,None,data/sample/images/U1153.png,[],1.09,0.066,95.1
U1154,B104,Variant-Alpha,2026-09-15 20:16:00,0,None,data/sample/images/U1154.png,[],1.3,0.046,94.7
U1155,B104,Variant-Gamma,2026-09-15 20:20:00,0,None,data/sample/images/U1155.png,[],1.44,-0.003,98.4
U1156,B104,Variant-Alpha,2026-09-15 20:24:00,0,None,data/sample/images/U1156.png,[],1.17,0.066,98.9
U1157,B104,Variant-Alpha,2026-09-15 20:28:00,0,None,data/sample/images/U1157.png,[],1.16,-0.032,91.9
U1158,B104,Variant-Alpha,2026-09-15 20:32:00,0,None,data/sample/images/U1158.png,[],1.24,0.023,98.8
U1159,B104,Variant-Alpha,2026-09-15 20:36:00,0,None,data/sample/images/U1159.png,[],1.07,0.049,93.9
U1160,B104,Variant-Gamma,2026-09-15 20:40:00,0,None,data/sample/images/U1160.png,[],1.05,0.028,95.0
U1161,B104,Variant-Beta,2026-09-15 20:44:00,0,None,data/sample/images/U1161.png,[],1.34,-0.007,93.0
U1162,B104,Variant-Alpha,2026-09-15 20:48:00,0,None,data/sample/images/U1162.png,[],1.14,0.057,98.5
U1163,B104,Variant-Beta,2026-09-15 20:52:00,0,None,data/sample/images/U1163.png,[],1.15,-0.004,96.3
U1164,B104,Variant-Alpha,2026-09-15 20:56:00,0,None,data/sample/images/U1164.png,[],1.53,0.078,92.8
U1165,B104,Variant-Gamma,2026-09-15 21:00:00,0,None,data/sample/images/U1165.png,[],1.18,0.025,95.4
U1166,B104,Variant-Beta,2026-09-15 21:04:00,0,None,data/sample/images/U1166.png,[],1.22,-0.013,90.6
U1167,B104,Variant-Beta,2026-09-15 21:08:00,0,None,data/sample/images/U1167.png,[],1.12,-0.003,95.1
U1168,B104,Variant-Gamma,2026-09-15 21:12:00,0,None,data/sample/images/U1168.png,[],1.7,-0.004,93.1
U1169,B104,Variant-Beta,2026-09-15 21:16:00,0,None,data/sample/images/U1169.png,[],1.44,0.035,93.5
U1170,B104,Variant-Beta,2026-09-15 21:20:00,0,None,data/sample/images/U1170.png,[],1.4,0.033,97.5
U1171,B104,Variant-Beta,2026-09-15 21:24:00,0,None,data/sample/images/U1171.png,[],1.46,0.009,94.9
U1172,B104,Variant-Alpha,2026-09-15 21:28:00,0,None,data/sample/images/U1172.png,[],1.32,0.001,94.6
U1173,B104,Variant-Alpha,2026-09-15 21:32:00,0,None,data/sample/images/U1173.png,[],1.48,0.022,94.6
U1174,B104,Variant-Beta,2026-09-15 21:36:00,0,None,data/sample/images/U1174.png,[],1.37,0.091,93.6
U1175,B104,Variant-Beta,2026-09-15 21:40:00,0,None,data/sample/images/U1175.png,[],1.29,0.012,95.3
U1176,B104,Variant-Beta,2026-09-15 21:44:00,0,None,data/sample/images/U1176.png,[],1.17,0.022,97.5
U1177,B104,Variant-Alpha,2026-09-15 21:48:00,0,None,data/sample/images/U1177.png,[],1.07,0.057,90.2
U1178,B104,Variant-Alpha,2026-09-15 21:52:00,0,None,data/sample/images/U1178.png,[],1.15,0.028,98.9
U1179,B104,Variant-Beta,2026-09-15 21:56:00,0,None,data/sample/images/U1179.png,[],1.24,-0.036,88.3
U1180,B104,Variant-Alpha,2026-09-15 22:00:00,0,None,data/sample/images/U1180.png,[],1.07,0.04,95.2
U1181,B104,Variant-Beta,2026-09-15 22:04:00,0,None,data/sample/images/U1181.png,[],1.15,0.038,94.2
U1182,B104,Variant-Alpha,2026-09-15 22:08:00,0,None,data/sample/images/U1182.png,[],0.98,-0.009,94.4
U1183,B104,Variant-Gamma,2026-09-15 22:12:00,0,None,data/sample/images/U1183.png,[],1.29,-0.029,98.5
U1184,B104,Variant-Gamma,2026-09-15 22:16:00,0,None,data/sample/images/U1184.png,[],1.31,0.031,96.1
U1185,B104,Variant-Beta,2026-09-15 22:20:00,0,None,data/sample/images/U1185.png,[],1.33,0.022,96.5
U1186,B104,Variant-Beta,2026-09-15 22:24:00,0,None,data/sample/images/U1186.png,[],1.13,0.078,94.4
U1187,B104,Variant-Alpha,2026-09-15 22:28:00,0,None,data/sample/images/U1187.png,[],0.99,0.044,92.7
U1188,B104,Variant-Alpha,2026-09-15 22:32:00,0,None,data/sample/images/U1188.png,[],1.17,-0.07,90.1
U1189,B104,Variant-Beta,2026-09-15 22:36:00,0,None,data/sample/images/U1189.png,[],1.39,-0.019,94.4
U1190,B104,Variant-Alpha,2026-09-15 22:40:00,0,None,data/sample/images/U1190.png,[],1.25,-0.026,98.7
U1191,B104,Variant-Beta,2026-09-15 22:44:00,1,Surface Scratch,data/sample/images/U1191.png,"[26,57,15,23]",3.04,0.127,80.5
U1192,B104,Variant-Alpha,2026-09-15 22:48:00,0,None,data/sample/images/U1192.png,[],1.29,-0.022,97.3
U1193,B104,Variant-Alpha,2026-09-15 22:52:00,0,None,data/sample/images/U1193.png,[],1.36,0.025,92.3
U1194,B104,Variant-Beta,2026-09-15 22:56:00,1,Contamination,data/sample/images/U1194.png,"[63,55,23,16]",3.22,0.168,79.2
U1195,B104,Variant-Beta,2026-09-15 23:00:00,0,None,data/sample/images/U1195.png,[],1.68,0.062,95.8
U1196,B104,Variant-Alpha,2026-09-15 23:04:00,1,Surface Scratch,data/sample/images/U1196.png,"[38,35,16,20]",3.43,0.194,94.0
U1197,B104,Variant-Alpha,2026-09-15 23:08:00,0,None,data/sample/images/U1197.png,[],1.17,0.035,95.6
U1198,B104,Variant-Alpha,2026-09-15 23:12:00,1,Surface Scratch,data/sample/images/U1198.png,"[30,42,17,20]",2.88,0.04,76.4
U1199,B104,Variant-Alpha,2026-09-15 23:16:00,0,None,data/sample/images/U1199.png,[],1.25,-0.032,93.5
U1200,B105,Variant-Gamma,2026-09-16 00:00:00,0,None,data/sample/images/U1200.png,[],1.23,0.033,95.6
U1201,B105,Variant-Beta,2026-09-16 00:04:00,0,None,data/sample/images/U1201.png,[],1.44,0.124,95.5
U1202,B105,Variant-Beta,2026-09-16 00:08:00,0,None,data/sample/images/U1202.png,[],1.24,0.002,98.7
U1203,B105,Variant-Beta,2026-09-16 00:12:00,0,None,data/sample/images/U1203.png,[],1.55,-0.03,90.2
U1204,B105,Variant-Alpha,2026-09-16 00:16:00,0,None,data/sample/images/U1204.png,[],1.38,-0.01,99.1
U1205,B105,Variant-Beta,2026-09-16 00:20:00,0,None,data/sample/images/U1205.png,[],0.97,-0.076,95.6
U1206,B105,Variant-Alpha,2026-09-16 00:24:00,0,None,data/sample/images/U1206.png,[],1.21,-0.015,98.8
U1207,B105,Variant-Beta,2026-09-16 00:28:00,0,None,data/sample/images/U1207.png,[],1.57,-0.031,97.5
U1208,B105,Variant-Alpha,2026-09-16 00:32:00,0,None,data/sample/images/U1208.png,[],1.25,0.012,90.0
U1209,B105,Variant-Alpha,2026-09-16 00:36:00,0,None,data/sample/images/U1209.png,[],1.53,0.01,97.3
U1210,B105,Variant-Alpha,2026-09-16 00:40:00,0,None,data/sample/images/U1210.png,[],1.09,0.03,100.6
U1211,B105,Variant-Gamma,2026-09-16 00:44:00,0,None,data/sample/images/U1211.png,[],1.02,-0.03,90.3
U1212,B105,Variant-Beta,2026-09-16 00:48:00,0,None,data/sample/images/U1212.png,[],1.52,0.021,93.2
U1213,B105,Variant-Gamma,2026-09-16 00:52:00,0,None,data/sample/images/U1213.png,[],1.57,-0.003,94.6
U1214,B105,Variant-Gamma,2026-09-16 00:56:00,0,None,data/sample/images/U1214.png,[],1.03,0.037,95.0
U1215,B105,Variant-Beta,2026-09-16 01:00:00,0,None,data/sample/images/U1215.png,[],1.09,0.084,93.9
U1216,B105,Variant-Alpha,2026-09-16 01:04:00,0,None,data/sample/images/U1216.png,[],1.26,0.029,94.9
U1217,B105,Variant-Alpha,2026-09-16 01:08:00,0,None,data/sample/images/U1217.png,[],0.95,-0.011,95.9
U1218,B105,Variant-Alpha,2026-09-16 01:12:00,0,None,data/sample/images/U1218.png,[],1.17,-0.006,94.2
U1219,B105,Variant-Alpha,2026-09-16 01:16:00,0,None,data/sample/images/U1219.png,[],1.25,0.028,95.9
U1220,B105,Variant-Alpha,2026-09-16 01:20:00,0,None,data/sample/images/U1220.png,[],1.28,0.041,96.8
U1221,B105,Variant-Alpha,2026-09-16 01:24:00,0,None,data/sample/images/U1221.png,[],1.58,-0.041,97.1
U1222,B105,Variant-Gamma,2026-09-16 01:28:00,0,None,data/sample/images/U1222.png,[],1.19,0.022,92.8
U1223,B105,Variant-Beta,2026-09-16 01:32:00,0,None,data/sample/images/U1223.png,[],1.19,0.011,96.6
U1224,B105,Variant-Gamma,2026-09-16 01:36:00,0,None,data/sample/images/U1224.png,[],1.39,0.001,90.4
U1225,B105,Variant-Beta,2026-09-16 01:40:00,0,None,data/sample/images/U1225.png,[],1.09,0.062,98.9
U1226,B105,Variant-Beta,2026-09-16 01:44:00,0,None,data/sample/images/U1226.png,[],1.65,0.054,88.5
U1227,B105,Variant-Alpha,2026-09-16 01:48:00,0,None,data/sample/images/U1227.png,[],1.57,0.031,91.6
U1228,B105,Variant-Beta,2026-09-16 01:52:00,0,None,data/sample/images/U1228.png,[],1.36,0.017,94.8
U1229,B105,Variant-Alpha,2026-09-16 01:56:00,0,None,data/sample/images/U1229.png,[],1.04,0.051,88.4
U1230,B105,Variant-Beta,2026-09-16 02:00:00,0,None,data/sample/images/U1230.png,[],1.49,0.018,97.1
U1231,B105,Variant-Alpha,2026-09-16 02:04:00,0,None,data/sample/images/U1231.png,[],1.22,-0.027,98.8
U1232,B105,Variant-Alpha,2026-09-16 02:08:00,0,None,data/sample/images/U1232.png,[],1.17,0.0,95.8
U1233,B105,Variant-Beta,2026-09-16 02:12:00,0,None,data/sample/images/U1233.png,[],1.67,0.101,97.2
U1234,B105,Variant-Alpha,2026-09-16 02:16:00,0,None,data/sample/images/U1234.png,[],1.31,0.013,94.8
U1235,B105,Variant-Alpha,2026-09-16 02:20:00,0,None,data/sample/images/U1235.png,[],1.49,-0.004,95.9
U1236,B105,Variant-Alpha,2026-09-16 02:24:00,0,None,data/sample/images/U1236.png,[],1.1,0.01,93.2
U1237,B105,Variant-Beta,2026-09-16 02:28:00,0,None,data/sample/images/U1237.png,[],1.46,0.104,95.7
U1238,B105,Variant-Beta,2026-09-16 02:32:00,0,None,data/sample/images/U1238.png,[],1.17,-0.023,95.0
U1239,B105,Variant-Beta,2026-09-16 02:36:00,0,None,data/sample/images/U1239.png,[],1.3,0.052,91.9
U1240,B105,Variant-Gamma,2026-09-16 02:40:00,0,None,data/sample/images/U1240.png,[],1.36,0.039,93.8
U1241,B105,Variant-Alpha,2026-09-16 02:44:00,0,None,data/sample/images/U1241.png,[],1.05,0.012,97.6
U1242,B105,Variant-Beta,2026-09-16 02:48:00,0,None,data/sample/images/U1242.png,[],1.06,-0.011,96.1
U1243,B105,Variant-Alpha,2026-09-16 02:52:00,0,None,data/sample/images/U1243.png,[],1.04,0.038,90.2
U1244,B105,Variant-Beta,2026-09-16 02:56:00,0,None,data/sample/images/U1244.png,[],1.56,0.001,95.6
U1245,B105,Variant-Alpha,2026-09-16 03:00:00,0,None,data/sample/images/U1245.png,[],1.47,-0.011,96.9
U1246,B105,Variant-Beta,2026-09-16 03:04:00,0,None,data/sample/images/U1246.png,[],0.95,-0.029,97.8
U1247,B105,Variant-Alpha,2026-09-16 03:08:00,0,None,data/sample/images/U1247.png,[],0.97,-0.003,95.1
U1248,B105,Variant-Beta,2026-09-16 03:12:00,0,None,data/sample/images/U1248.png,[],1.55,0.045,93.8
U1249,B105,Variant-Alpha,2026-09-16 03:16:00,1,Surface Scratch,data/sample/images/U1249.png,"[62,41,17,16]",1.96,0.042,77.5
U1250,B106,Variant-Beta,2026-09-16 04:00:00,0,None,data/sample/images/U1250.png,[],1.27,0.028,92.6
U1251,B106,Variant-Alpha,2026-09-16 04:04:00,0,None,data/sample/images/U1251.png,[],1.34,-0.067,93.1
U1252,B106,Variant-Alpha,2026-09-16 04:08:00,0,None,data/sample/images/U1252.png,[],1.11,0.043,92.7
U1253,B106,Variant-Alpha,2026-09-16 04:12:00,0,None,data/sample/images/U1253.png,[],1.3,0.025,97.3
U1254,B106,Variant-Beta,2026-09-16 04:16:00,0,None,data/sample/images/U1254.png,[],1.13,-0.026,90.2
U1255,B106,Variant-Alpha,2026-09-16 04:20:00,0,None,data/sample/images/U1255.png,[],1.04,-0.004,96.8
U1256,B106,Variant-Gamma,2026-09-16 04:24:00,0,None,data/sample/images/U1256.png,[],1.33,-0.004,99.2
U1257,B106,Variant-Alpha,2026-09-16 04:28:00,0,None,data/sample/images/U1257.png,[],1.59,0.046,88.1
U1258,B106,Variant-Beta,2026-09-16 04:32:00,0,None,data/sample/images/U1258.png,[],1.57,0.024,93.5
U1259,B106,Variant-Gamma,2026-09-16 04:36:00,0,None,data/sample/images/U1259.png,[],1.17,0.04,94.8
U1260,B106,Variant-Beta,2026-09-16 04:40:00,0,None,data/sample/images/U1260.png,[],1.41,-0.041,93.1
U1261,B106,Variant-Gamma,2026-09-16 04:44:00,0,None,data/sample/images/U1261.png,[],1.42,-0.013,95.5
U1262,B106,Variant-Alpha,2026-09-16 04:48:00,0,None,data/sample/images/U1262.png,[],1.23,0.013,93.3
U1263,B106,Variant-Beta,2026-09-16 04:52:00,0,None,data/sample/images/U1263.png,[],1.3,0.002,96.3
U1264,B106,Variant-Gamma,2026-09-16 04:56:00,1,Surface Scratch,data/sample/images/U1264.png,"[26,47,17,29]",2.34,0.137,77.9
U1265,B106,Variant-Alpha,2026-09-16 05:00:00,0,None,data/sample/images/U1265.png,[],1.18,0.026,92.7
U1266,B106,Variant-Alpha,2026-09-16 05:04:00,0,None,data/sample/images/U1266.png,[],0.97,0.047,95.9
U1267,B106,Variant-Alpha,2026-09-16 05:08:00,0,None,data/sample/images/U1267.png,[],1.66,0.011,97.3
U1268,B106,Variant-Alpha,2026-09-16 05:12:00,0,None,data/sample/images/U1268.png,[],1.47,0.004,97.0
U1269,B106,Variant-Alpha,2026-09-16 05:16:00,0,None,data/sample/images/U1269.png,[],1.39,0.001,94.5
U1270,B106,Variant-Alpha,2026-09-16 05:20:00,0,None,data/sample/images/U1270.png,[],1.27,-0.024,91.7
U1271,B106,Variant-Beta,2026-09-16 05:24:00,0,None,data/sample/images/U1271.png,[],1.24,-0.027,94.4
U1272,B106,Variant-Alpha,2026-09-16 05:28:00,0,None,data/sample/images/U1272.png,[],0.84,-0.001,92.1
U1273,B106,Variant-Beta,2026-09-16 05:32:00,0,None,data/sample/images/U1273.png,[],0.84,0.055,91.4
U1274,B106,Variant-Alpha,2026-09-16 05:36:00,0,None,data/sample/images/U1274.png,[],1.23,0.047,98.4
U1275,B106,Variant-Gamma,2026-09-16 05:40:00,0,None,data/sample/images/U1275.png,[],1.47,-0.007,95.0
U1276,B106,Variant-Beta,2026-09-16 05:44:00,0,None,data/sample/images/U1276.png,[],1.27,0.075,93.9
U1277,B106,Variant-Alpha,2026-09-16 05:48:00,0,None,data/sample/images/U1277.png,[],1.27,-0.013,98.1
U1278,B106,Variant-Alpha,2026-09-16 05:52:00,0,None,data/sample/images/U1278.png,[],1.37,0.056,93.2
U1279,B106,Variant-Alpha,2026-09-16 05:56:00,0,None,data/sample/images/U1279.png,[],1.17,-0.012,97.0
U1280,B106,Variant-Alpha,2026-09-16 06:00:00,0,None,data/sample/images/U1280.png,[],1.36,0.061,91.0
U1281,B106,Variant-Alpha,2026-09-16 06:04:00,0,None,data/sample/images/U1281.png,[],1.16,0.037,97.9
U1282,B106,Variant-Beta,2026-09-16 06:08:00,1,Contamination,data/sample/images/U1282.png,"[45,60,26,25]",2.68,0.153,89.4
U1283,B106,Variant-Gamma,2026-09-16 06:12:00,0,None,data/sample/images/U1283.png,[],1.34,0.002,92.2
U1284,B106,Variant-Gamma,2026-09-16 06:16:00,0,None,data/sample/images/U1284.png,[],1.06,-0.054,100.3
U1285,B106,Variant-Gamma,2026-09-16 06:20:00,0,None,data/sample/images/U1285.png,[],1.05,0.007,93.7
U1286,B106,Variant-Gamma,2026-09-16 06:24:00,0,None,data/sample/images/U1286.png,[],1.4,-0.005,94.0
U1287,B106,Variant-Beta,2026-09-16 06:28:00,0,None,data/sample/images/U1287.png,[],1.3,0.032,96.6
U1288,B106,Variant-Beta,2026-09-16 06:32:00,0,None,data/sample/images/U1288.png,[],1.28,-0.03,95.6
U1289,B106,Variant-Gamma,2026-09-16 06:36:00,0,None,data/sample/images/U1289.png,[],1.13,0.058,94.6
U1290,B106,Variant-Beta,2026-09-16 06:40:00,0,None,data/sample/images/U1290.png,[],1.29,0.106,96.1
U1291,B106,Variant-Beta,2026-09-16 06:44:00,0,None,data/sample/images/U1291.png,[],0.93,0.06,96.4
U1292,B106,Variant-Alpha,2026-09-16 06:48:00,0,None,data/sample/images/U1292.png,[],1.21,-0.015,92.9
U1293,B106,Variant-Beta,2026-09-16 06:52:00,0,None,data/sample/images/U1293.png,[],1.36,-0.027,95.7
U1294,B106,Variant-Alpha,2026-09-16 06:56:00,0,None,data/sample/images/U1294.png,[],1.23,0.016,92.3
U1295,B106,Variant-Gamma,2026-09-16 07:00:00,0,None,data/sample/images/U1295.png,[],1.37,-0.016,93.3
U1296,B106,Variant-Alpha,2026-09-16 07:04:00,0,None,data/sample/images/U1296.png,[],1.56,0.001,95.1
U1297,B106,Variant-Alpha,2026-09-16 07:08:00,0,None,data/sample/images/U1297.png,[],1.42,-0.038,98.0
U1298,B106,Variant-Beta,2026-09-16 07:12:00,0,None,data/sample/images/U1298.png,[],1.15,0.105,92.9
U1299,B106,Variant-Beta,2026-09-16 07:16:00,0,None,data/sample/images/U1299.png,[],1.28,0.087,97.9
U1300,B107,Variant-Beta,2026-09-16 08:00:00,0,None,data/sample/images/U1300.png,[],1.39,-0.004,92.2
U1301,B107,Variant-Alpha,2026-09-16 08:04:00,0,None,data/sample/images/U1301.png,[],1.25,0.039,97.2
U1302,B107,Variant-Beta,2026-09-16 08:08:00,0,None,data/sample/images/U1302.png,[],1.04,0.008,92.5
U1303,B107,Variant-Alpha,2026-09-16 08:12:00,0,None,data/sample/images/U1303.png,[],0.91,0.068,96.3
U1304,B107,Variant-Gamma,2026-09-16 08:16:00,0,None,data/sample/images/U1304.png,[],1.07,0.08,97.9
U1305,B107,Variant-Alpha,2026-09-16 08:20:00,0,None,data/sample/images/U1305.png,[],1.35,0.002,97.5
U1306,B107,Variant-Beta,2026-09-16 08:24:00,0,None,data/sample/images/U1306.png,[],1.16,-0.024,94.9
U1307,B107,Variant-Alpha,2026-09-16 08:28:00,0,None,data/sample/images/U1307.png,[],0.93,-0.001,90.0
U1308,B107,Variant-Gamma,2026-09-16 08:32:00,0,None,data/sample/images/U1308.png,[],1.34,-0.004,91.2
U1309,B107,Variant-Alpha,2026-09-16 08:36:00,0,None,data/sample/images/U1309.png,[],0.73,0.014,99.5
U1310,B107,Variant-Alpha,2026-09-16 08:40:00,0,None,data/sample/images/U1310.png,[],1.14,0.031,91.7
U1311,B107,Variant-Beta,2026-09-16 08:44:00,0,None,data/sample/images/U1311.png,[],1.3,0.011,93.9
U1312,B107,Variant-Alpha,2026-09-16 08:48:00,0,None,data/sample/images/U1312.png,[],1.21,0.028,97.1
U1313,B107,Variant-Alpha,2026-09-16 08:52:00,0,None,data/sample/images/U1313.png,[],1.11,0.014,92.4
U1314,B107,Variant-Alpha,2026-09-16 08:56:00,0,None,data/sample/images/U1314.png,[],0.81,0.046,96.6
U1315,B107,Variant-Alpha,2026-09-16 09:00:00,0,None,data/sample/images/U1315.png,[],1.2,0.017,95.9
U1316,B107,Variant-Gamma,2026-09-16 09:04:00,1,Surface Scratch,data/sample/images/U1316.png,"[38,61,24,19]",3.01,0.077,82.6
U1317,B107,Variant-Alpha,2026-09-16 09:08:00,0,None,data/sample/images/U1317.png,[],1.01,-0.042,97.8
U1318,B107,Variant-Alpha,2026-09-16 09:12:00,0,None,data/sample/images/U1318.png,[],1.12,-0.013,95.1
U1319,B107,Variant-Beta,2026-09-16 09:16:00,0,None,data/sample/images/U1319.png,[],1.46,0.03,96.4
U1320,B107,Variant-Alpha,2026-09-16 09:20:00,0,None,data/sample/images/U1320.png,[],1.1,0.018,91.5
U1321,B107,Variant-Alpha,2026-09-16 09:24:00,0,None,data/sample/images/U1321.png,[],0.72,0.03,97.0
U1322,B107,Variant-Alpha,2026-09-16 09:28:00,0,None,data/sample/images/U1322.png,[],1.36,0.087,94.6
U1323,B107,Variant-Gamma,2026-09-16 09:32:00,0,None,data/sample/images/U1323.png,[],1.12,-0.008,92.3
U1324,B107,Variant-Alpha,2026-09-16 09:36:00,0,None,data/sample/images/U1324.png,[],1.27,0.072,95.4
U1325,B107,Variant-Gamma,2026-09-16 09:40:00,0,None,data/sample/images/U1325.png,[],1.2,0.005,90.1
U1326,B107,Variant-Gamma,2026-09-16 09:44:00,0,None,data/sample/images/U1326.png,[],1.41,0.012,94.0
U1327,B107,Variant-Alpha,2026-09-16 09:48:00,0,None,data/sample/images/U1327.png,[],1.82,0.0,97.7
U1328,B107,Variant-Beta,2026-09-16 09:52:00,0,None,data/sample/images/U1328.png,[],1.27,-0.035,97.1
U1329,B107,Variant-Beta,2026-09-16 09:56:00,0,None,data/sample/images/U1329.png,[],1.13,-0.001,98.1
U1330,B107,Variant-Gamma,2026-09-16 10:00:00,0,None,data/sample/images/U1330.png,[],1.34,-0.015,92.7
U1331,B107,Variant-Gamma,2026-09-16 10:04:00,0,None,data/sample/images/U1331.png,[],1.44,0.003,93.4
U1332,B107,Variant-Alpha,2026-09-16 10:08:00,0,None,data/sample/images/U1332.png,[],1.08,0.03,100.3
U1333,B107,Variant-Alpha,2026-09-16 10:12:00,0,None,data/sample/images/U1333.png,[],1.06,0.016,98.5
U1334,B107,Variant-Gamma,2026-09-16 10:16:00,0,None,data/sample/images/U1334.png,[],1.06,0.03,94.0
U1335,B107,Variant-Alpha,2026-09-16 10:20:00,1,Pinhole Void,data/sample/images/U1335.png,"[57,28,23,18]",3.09,0.1,84.3
U1336,B107,Variant-Gamma,2026-09-16 10:24:00,0,None,data/sample/images/U1336.png,[],1.58,0.027,93.6
U1337,B107,Variant-Gamma,2026-09-16 10:28:00,0,None,data/sample/images/U1337.png,[],0.9,0.012,88.2
U1338,B107,Variant-Gamma,2026-09-16 10:32:00,0,None,data/sample/images/U1338.png,[],1.35,-0.014,92.9
U1339,B107,Variant-Alpha,2026-09-16 10:36:00,0,None,data/sample/images/U1339.png,[],1.18,0.042,98.0
U1340,B107,Variant-Beta,2026-09-16 10:40:00,0,None,data/sample/images/U1340.png,[],1.23,0.058,94.6
U1341,B107,Variant-Alpha,2026-09-16 10:44:00,0,None,data/sample/images/U1341.png,[],1.27,0.057,91.4
U1342,B107,Variant-Alpha,2026-09-16 10:48:00,0,None,data/sample/images/U1342.png,[],1.18,0.033,93.1
U1343,B107,Variant-Beta,2026-09-16 10:52:00,0,None,data/sample/images/U1343.png,[],1.39,-0.053,94.9
U1344,B107,Variant-Alpha,2026-09-16 10:56:00,1,Surface Scratch,data/sample/images/U1344.png,"[38,60,26,15]",2.98,0.173,74.3
U1345,B107,Variant-Gamma,2026-09-16 11:00:00,0,None,data/sample/images/U1345.png,[],1.4,-0.019,94.9
U1346,B107,Variant-Alpha,2026-09-16 11:04:00,0,None,data/sample/images/U1346.png,[],1.28,0.054,95.2
U1347,B107,Variant-Alpha,2026-09-16 11:08:00,0,None,data/sample/images/U1347.png,[],1.24,0.007,95.7
U1348,B107,Variant-Gamma,2026-09-16 11:12:00,0,None,data/sample/images/U1348.png,[],1.29,0.026,97.0
U1349,B107,Variant-Alpha,2026-09-16 11:16:00,0,None,data/sample/images/U1349.png,[],1.16,0.027,92.7
U1350,B108,Variant-Beta,2026-09-16 12:00:00,0,None,data/sample/images/U1350.png,[],0.91,0.005,90.0
U1351,B108,Variant-Alpha,2026-09-16 12:04:00,0,None,data/sample/images/U1351.png,[],1.39,0.03,97.0
U1352,B108,Variant-Beta,2026-09-16 12:08:00,0,None,data/sample/images/U1352.png,[],1.38,-0.008,94.7
U1353,B108,Variant-Gamma,2026-09-16 12:12:00,0,None,data/sample/images/U1353.png,[],1.17,-0.011,94.6
U1354,B108,Variant-Gamma,2026-09-16 12:16:00,0,None,data/sample/images/U1354.png,[],1.3,0.037,96.3
U1355,B108,Variant-Alpha,2026-09-16 12:20:00,0,None,data/sample/images/U1355.png,[],1.73,0.067,93.5
U1356,B108,Variant-Beta,2026-09-16 12:24:00,0,None,data/sample/images/U1356.png,[],1.63,-0.024,97.9
U1357,B108,Variant-Beta,2026-09-16 12:28:00,0,None,data/sample/images/U1357.png,[],1.56,-0.019,94.6
U1358,B108,Variant-Alpha,2026-09-16 12:32:00,0,None,data/sample/images/U1358.png,[],1.33,0.02,98.6
U1359,B108,Variant-Beta,2026-09-16 12:36:00,0,None,data/sample/images/U1359.png,[],1.36,0.011,94.0
U1360,B108,Variant-Alpha,2026-09-16 12:40:00,0,None,data/sample/images/U1360.png,[],1.21,-0.057,95.8
U1361,B108,Variant-Alpha,2026-09-16 12:44:00,0,None,data/sample/images/U1361.png,[],1.03,0.008,94.5
U1362,B108,Variant-Alpha,2026-09-16 12:48:00,0,None,data/sample/images/U1362.png,[],1.45,-0.005,95.8
U1363,B108,Variant-Alpha,2026-09-16 12:52:00,0,None,data/sample/images/U1363.png,[],1.74,-0.012,94.0
U1364,B108,Variant-Beta,2026-09-16 12:56:00,0,None,data/sample/images/U1364.png,[],1.27,-0.061,94.4
U1365,B108,Variant-Beta,2026-09-16 13:00:00,0,None,data/sample/images/U1365.png,[],1.44,0.001,92.7
U1366,B108,Variant-Alpha,2026-09-16 13:04:00,0,None,data/sample/images/U1366.png,[],1.4,0.009,96.7
U1367,B108,Variant-Alpha,2026-09-16 13:08:00,0,None,data/sample/images/U1367.png,[],1.53,0.02,92.8
U1368,B108,Variant-Beta,2026-09-16 13:12:00,0,None,data/sample/images/U1368.png,[],1.1,-0.062,92.0
U1369,B108,Variant-Alpha,2026-09-16 13:16:00,0,None,data/sample/images/U1369.png,[],1.19,0.033,94.0
U1370,B108,Variant-Beta,2026-09-16 13:20:00,0,None,data/sample/images/U1370.png,[],1.46,-0.046,95.1
U1371,B108,Variant-Gamma,2026-09-16 13:24:00,0,None,data/sample/images/U1371.png,[],1.39,0.017,92.4
U1372,B108,Variant-Alpha,2026-09-16 13:28:00,1,Surface Scratch,data/sample/images/U1372.png,"[59,25,21,27]",3.01,0.13,77.9
U1373,B108,Variant-Alpha,2026-09-16 13:32:00,0,None,data/sample/images/U1373.png,[],1.36,0.009,92.7
U1374,B108,Variant-Gamma,2026-09-16 13:36:00,0,None,data/sample/images/U1374.png,[],1.26,-0.013,95.2
U1375,B108,Variant-Alpha,2026-09-16 13:40:00,0,None,data/sample/images/U1375.png,[],1.44,0.092,90.6
U1376,B108,Variant-Beta,2026-09-16 13:44:00,0,None,data/sample/images/U1376.png,[],1.2,0.012,96.1
U1377,B108,Variant-Beta,2026-09-16 13:48:00,0,None,data/sample/images/U1377.png,[],0.82,0.001,94.9
U1378,B108,Variant-Beta,2026-09-16 13:52:00,0,None,data/sample/images/U1378.png,[],1.29,-0.059,98.1
U1379,B108,Variant-Beta,2026-09-16 13:56:00,0,None,data/sample/images/U1379.png,[],1.16,0.019,97.9
U1380,B108,Variant-Gamma,2026-09-16 14:00:00,0,None,data/sample/images/U1380.png,[],1.08,0.02,91.4
U1381,B108,Variant-Alpha,2026-09-16 14:04:00,0,None,data/sample/images/U1381.png,[],1.27,0.01,96.6
U1382,B108,Variant-Alpha,2026-09-16 14:08:00,0,None,data/sample/images/U1382.png,[],1.24,-0.026,94.6
U1383,B108,Variant-Alpha,2026-09-16 14:12:00,0,None,data/sample/images/U1383.png,[],1.24,-0.077,91.1
U1384,B108,Variant-Gamma,2026-09-16 14:16:00,0,None,data/sample/images/U1384.png,[],1.29,-0.012,94.4
U1385,B108,Variant-Beta,2026-09-16 14:20:00,0,None,data/sample/images/U1385.png,[],1.32,0.038,93.1
U1386,B108,Variant-Alpha,2026-09-16 14:24:00,0,None,data/sample/images/U1386.png,[],1.1,0.034,100.2
U1387,B108,Variant-Alpha,2026-09-16 14:28:00,0,None,data/sample/images/U1387.png,[],1.27,-0.028,95.0
U1388,B108,Variant-Beta,2026-09-16 14:32:00,0,None,data/sample/images/U1388.png,[],1.31,0.002,96.3
U1389,B108,Variant-Beta,2026-09-16 14:36:00,0,None,data/sample/images/U1389.png,[],1.13,0.052,92.7
U1390,B108,Variant-Alpha,2026-09-16 14:40:00,0,None,data/sample/images/U1390.png,[],1.27,0.012,96.0
U1391,B108,Variant-Alpha,2026-09-16 14:44:00,0,None,data/sample/images/U1391.png,[],1.3,-0.044,97.7
U1392,B108,Variant-Alpha,2026-09-16 14:48:00,1,Crack,data/sample/images/U1392.png,"[63,52,19,15]",2.49,0.238,81.1
U1393,B108,Variant-Alpha,2026-09-16 14:52:00,0,None,data/sample/images/U1393.png,[],1.37,-0.052,94.3
U1394,B108,Variant-Alpha,2026-09-16 14:56:00,0,None,data/sample/images/U1394.png,[],0.92,0.083,96.6
U1395,B108,Variant-Alpha,2026-09-16 15:00:00,0,None,data/sample/images/U1395.png,[],1.28,0.011,97.2
U1396,B108,Variant-Alpha,2026-09-16 15:04:00,0,None,data/sample/images/U1396.png,[],1.48,0.028,95.0
U1397,B108,Variant-Alpha,2026-09-16 15:08:00,1,Pinhole Void,data/sample/images/U1397.png,"[57,56,22,17]",2.65,0.085,76.3
U1398,B108,Variant-Alpha,2026-09-16 15:12:00,0,None,data/sample/images/U1398.png,[],1.38,-0.015,100.8
U1399,B108,Variant-Beta,2026-09-16 15:16:00,0,None,data/sample/images/U1399.png,[],1.33,0.057,92.1
U1400,B109,Variant-Beta,2026-09-16 16:00:00,0,None,data/sample/images/U1400.png,[],1.47,-0.035,95.0
U1401,B109,Variant-Beta,2026-09-16 16:04:00,0,None,data/sample/images/U1401.png,[],1.28,0.069,92.6
U1402,B109,Variant-Alpha,2026-09-16 16:08:00,0,None,data/sample/images/U1402.png,[],1.63,0.042,99.3
U1403,B109,Variant-Alpha,2026-09-16 16:12:00,0,None,data/sample/images/U1403.png,[],1.37,0.029,96.7
U1404,B109,Variant-Alpha,2026-09-16 16:16:00,0,None,data/sample/images/U1404.png,[],1.23,-0.042,95.8
U1405,B109,Variant-Beta,2026-09-16 16:20:00,0,None,data/sample/images/U1405.png,[],1.11,0.005,97.4
U1406,B109,Variant-Alpha,2026-09-16 16:24:00,0,None,data/sample/images/U1406.png,[],1.46,0.025,90.4
U1407,B109,Variant-Alpha,2026-09-16 16:28:00,0,None,data/sample/images/U1407.png,[],1.3,0.067,93.2
U1408,B109,Variant-Alpha,2026-09-16 16:32:00,0,None,data/sample/images/U1408.png,[],1.23,0.053,95.1
U1409,B109,Variant-Beta,2026-09-16 16:36:00,0,None,data/sample/images/U1409.png,[],1.48,-0.04,93.9
U1410,B109,Variant-Alpha,2026-09-16 16:40:00,0,None,data/sample/images/U1410.png,[],1.07,0.021,95.1
U1411,B109,Variant-Alpha,2026-09-16 16:44:00,0,None,data/sample/images/U1411.png,[],1.33,-0.019,97.1
U1412,B109,Variant-Alpha,2026-09-16 16:48:00,0,None,data/sample/images/U1412.png,[],1.35,-0.007,96.4
U1413,B109,Variant-Gamma,2026-09-16 16:52:00,0,None,data/sample/images/U1413.png,[],1.54,-0.058,93.3
U1414,B109,Variant-Gamma,2026-09-16 16:56:00,0,None,data/sample/images/U1414.png,[],1.28,-0.022,95.1
U1415,B109,Variant-Gamma,2026-09-16 17:00:00,0,None,data/sample/images/U1415.png,[],1.44,-0.051,91.2
U1416,B109,Variant-Gamma,2026-09-16 17:04:00,0,None,data/sample/images/U1416.png,[],1.38,0.019,95.8
U1417,B109,Variant-Alpha,2026-09-16 17:08:00,0,None,data/sample/images/U1417.png,[],1.41,0.009,95.1
U1418,B109,Variant-Alpha,2026-09-16 17:12:00,0,None,data/sample/images/U1418.png,[],1.32,0.021,94.0
U1419,B109,Variant-Beta,2026-09-16 17:16:00,0,None,data/sample/images/U1419.png,[],0.94,0.015,91.8
U1420,B109,Variant-Alpha,2026-09-16 17:20:00,0,None,data/sample/images/U1420.png,[],1.07,0.013,98.1
U1421,B109,Variant-Alpha,2026-09-16 17:24:00,0,None,data/sample/images/U1421.png,[],1.36,0.023,90.8
U1422,B109,Variant-Alpha,2026-09-16 17:28:00,0,None,data/sample/images/U1422.png,[],1.42,0.004,96.8
U1423,B109,Variant-Beta,2026-09-16 17:32:00,0,None,data/sample/images/U1423.png,[],1.49,0.012,93.3
U1424,B109,Variant-Gamma,2026-09-16 17:36:00,0,None,data/sample/images/U1424.png,[],1.27,0.003,101.4
U1425,B109,Variant-Alpha,2026-09-16 17:40:00,1,Pinhole Void,data/sample/images/U1425.png,"[34,34,28,27]",2.2,0.064,74.8
U1426,B109,Variant-Alpha,2026-09-16 17:44:00,0,None,data/sample/images/U1426.png,[],1.21,-0.077,96.7
U1427,B109,Variant-Beta,2026-09-16 17:48:00,1,Pinhole Void,data/sample/images/U1427.png,"[60,50,20,15]",1.57,0.193,77.0
U1428,B109,Variant-Beta,2026-09-16 17:52:00,0,None,data/sample/images/U1428.png,[],1.21,0.022,97.2
U1429,B109,Variant-Beta,2026-09-16 17:56:00,0,None,data/sample/images/U1429.png,[],1.12,0.05,90.7
U1430,B109,Variant-Gamma,2026-09-16 18:00:00,0,None,data/sample/images/U1430.png,[],1.37,0.039,88.1
U1431,B109,Variant-Alpha,2026-09-16 18:04:00,0,None,data/sample/images/U1431.png,[],1.08,-0.011,92.3
U1432,B109,Variant-Alpha,2026-09-16 18:08:00,0,None,data/sample/images/U1432.png,[],1.12,0.014,96.0
U1433,B109,Variant-Alpha,2026-09-16 18:12:00,0,None,data/sample/images/U1433.png,[],1.26,-0.008,92.8
U1434,B109,Variant-Alpha,2026-09-16 18:16:00,0,None,data/sample/images/U1434.png,[],1.32,0.064,95.4
U1435,B109,Variant-Beta,2026-09-16 18:20:00,0,None,data/sample/images/U1435.png,[],1.18,-0.026,96.9
U1436,B109,Variant-Alpha,2026-09-16 18:24:00,0,None,data/sample/images/U1436.png,[],1.2,-0.049,95.4
U1437,B109,Variant-Alpha,2026-09-16 18:28:00,0,None,data/sample/images/U1437.png,[],1.36,-0.023,94.1
U1438,B109,Variant-Gamma,2026-09-16 18:32:00,0,None,data/sample/images/U1438.png,[],1.25,-0.042,93.0
U1439,B109,Variant-Alpha,2026-09-16 18:36:00,0,None,data/sample/images/U1439.png,[],1.29,0.092,89.2
U1440,B109,Variant-Alpha,2026-09-16 18:40:00,1,Surface Scratch,data/sample/images/U1440.png,"[53,32,26,27]",2.46,0.169,72.2
U1441,B109,Variant-Alpha,2026-09-16 18:44:00,0,None,data/sample/images/U1441.png,[],1.33,0.022,92.6
U1442,B109,Variant-Gamma,2026-09-16 18:48:00,0,None,data/sample/images/U1442.png,[],1.33,0.016,92.7
U1443,B109,Variant-Alpha,2026-09-16 18:52:00,0,None,data/sample/images/U1443.png,[],1.34,0.04,90.9
U1444,B109,Variant-Beta,2026-09-16 18:56:00,0,None,data/sample/images/U1444.png,[],1.52,0.027,93.6
U1445,B109,Variant-Alpha,2026-09-16 19:00:00,0,None,data/sample/images/U1445.png,[],1.25,-0.029,96.2
U1446,B109,Variant-Alpha,2026-09-16 19:04:00,0,None,data/sample/images/U1446.png,[],1.17,0.024,93.3
U1447,B109,Variant-Alpha,2026-09-16 19:08:00,0,None,data/sample/images/U1447.png,[],1.24,0.002,92.7
U1448,B109,Variant-Alpha,2026-09-16 19:12:00,0,None,data/sample/images/U1448.png,[],1.13,0.061,98.5
U1449,B109,Variant-Gamma,2026-09-16 19:16:00,0,None,data/sample/images/U1449.png,[],1.14,-0.05,97.3
U1450,B110,Variant-Beta,2026-09-16 20:00:00,0,None,data/sample/images/U1450.png,[],0.9,0.046,91.1
U1451,B110,Variant-Alpha,2026-09-16 20:04:00,0,None,data/sample/images/U1451.png,[],1.38,0.015,91.8
U1452,B110,Variant-Alpha,2026-09-16 20:08:00,1,Surface Scratch,data/sample/images/U1452.png,"[41,46,16,22]",1.96,0.239,84.0
U1453,B110,Variant-Beta,2026-09-16 20:12:00,0,None,data/sample/images/U1453.png,[],1.72,0.042,93.7
U1454,B110,Variant-Gamma,2026-09-16 20:16:00,0,None,data/sample/images/U1454.png,[],1.5,0.001,93.5
U1455,B110,Variant-Alpha,2026-09-16 20:20:00,0,None,data/sample/images/U1455.png,[],0.63,-0.004,91.6
U1456,B110,Variant-Gamma,2026-09-16 20:24:00,0,None,data/sample/images/U1456.png,[],1.25,0.04,98.0
U1457,B110,Variant-Gamma,2026-09-16 20:28:00,0,None,data/sample/images/U1457.png,[],1.18,0.051,96.6
U1458,B110,Variant-Beta,2026-09-16 20:32:00,0,None,data/sample/images/U1458.png,[],1.27,0.052,92.9
U1459,B110,Variant-Alpha,2026-09-16 20:36:00,0,None,data/sample/images/U1459.png,[],0.95,0.039,87.3
U1460,B110,Variant-Alpha,2026-09-16 20:40:00,0,None,data/sample/images/U1460.png,[],1.12,-0.021,91.6
U1461,B110,Variant-Alpha,2026-09-16 20:44:00,0,None,data/sample/images/U1461.png,[],1.12,0.058,96.8
U1462,B110,Variant-Gamma,2026-09-16 20:48:00,0,None,data/sample/images/U1462.png,[],1.06,-0.027,96.9
U1463,B110,Variant-Alpha,2026-09-16 20:52:00,0,None,data/sample/images/U1463.png,[],1.35,0.066,89.7
U1464,B110,Variant-Beta,2026-09-16 20:56:00,0,None,data/sample/images/U1464.png,[],1.57,0.028,95.8
U1465,B110,Variant-Beta,2026-09-16 21:00:00,0,None,data/sample/images/U1465.png,[],1.15,-0.041,96.7
U1466,B110,Variant-Beta,2026-09-16 21:04:00,0,None,data/sample/images/U1466.png,[],1.26,-0.018,88.0
U1467,B110,Variant-Gamma,2026-09-16 21:08:00,0,None,data/sample/images/U1467.png,[],1.28,0.053,97.3
U1468,B110,Variant-Alpha,2026-09-16 21:12:00,0,None,data/sample/images/U1468.png,[],1.45,0.047,93.3
U1469,B110,Variant-Gamma,2026-09-16 21:16:00,0,None,data/sample/images/U1469.png,[],1.37,-0.03,91.1
U1470,B110,Variant-Gamma,2026-09-16 21:20:00,0,None,data/sample/images/U1470.png,[],1.44,0.048,96.3
U1471,B110,Variant-Alpha,2026-09-16 21:24:00,0,None,data/sample/images/U1471.png,[],1.27,0.031,93.0
U1472,B110,Variant-Beta,2026-09-16 21:28:00,0,None,data/sample/images/U1472.png,[],1.24,0.031,96.7
U1473,B110,Variant-Gamma,2026-09-16 21:32:00,0,None,data/sample/images/U1473.png,[],1.07,0.079,94.6
U1474,B110,Variant-Gamma,2026-09-16 21:36:00,0,None,data/sample/images/U1474.png,[],1.29,0.064,91.7
U1475,B110,Variant-Gamma,2026-09-16 21:40:00,0,None,data/sample/images/U1475.png,[],1.2,-0.024,91.7
U1476,B110,Variant-Gamma,2026-09-16 21:44:00,0,None,data/sample/images/U1476.png,[],1.13,0.042,97.6
U1477,B110,Variant-Gamma,2026-09-16 21:48:00,0,None,data/sample/images/U1477.png,[],1.6,0.017,92.7
U1478,B110,Variant-Alpha,2026-09-16 21:52:00,0,None,data/sample/images/U1478.png,[],1.47,-0.038,97.9
U1479,B110,Variant-Alpha,2026-09-16 21:56:00,0,None,data/sample/images/U1479.png,[],1.09,-0.01,97.1
U1480,B110,Variant-Alpha,2026-09-16 22:00:00,0,None,data/sample/images/U1480.png,[],1.17,0.009,96.0
U1481,B110,Variant-Beta,2026-09-16 22:04:00,0,None,data/sample/images/U1481.png,[],1.22,-0.026,96.0
U1482,B110,Variant-Alpha,2026-09-16 22:08:00,0,None,data/sample/images/U1482.png,[],1.2,-0.003,93.1
U1483,B110,Variant-Gamma,2026-09-16 22:12:00,0,None,data/sample/images/U1483.png,[],0.95,-0.031,94.7
U1484,B110,Variant-Gamma,2026-09-16 22:16:00,0,None,data/sample/images/U1484.png,[],1.52,-0.006,92.7
U1485,B110,Variant-Alpha,2026-09-16 22:20:00,0,None,data/sample/images/U1485.png,[],1.56,-0.014,92.6
U1486,B110,Variant-Alpha,2026-09-16 22:24:00,0,None,data/sample/images/U1486.png,[],1.42,-0.03,94.7
U1487,B110,Variant-Alpha,2026-09-16 22:28:00,0,None,data/sample/images/U1487.png,[],1.32,0.012,95.0
U1488,B110,Variant-Alpha,2026-09-16 22:32:00,0,None,data/sample/images/U1488.png,[],1.52,0.059,97.8
U1489,B110,Variant-Beta,2026-09-16 22:36:00,0,None,data/sample/images/U1489.png,[],1.43,0.038,90.2
U1490,B110,Variant-Gamma,2026-09-16 22:40:00,0,None,data/sample/images/U1490.png,[],1.21,0.025,99.2
U1491,B110,Variant-Beta,2026-09-16 22:44:00,0,None,data/sample/images/U1491.png,[],1.38,0.017,93.8
U1492,B110,Variant-Alpha,2026-09-16 22:48:00,0,None,data/sample/images/U1492.png,[],1.23,0.032,93.4
U1493,B110,Variant-Beta,2026-09-16 22:52:00,0,None,data/sample/images/U1493.png,[],1.33,-0.015,94.1
U1494,B110,Variant-Beta,2026-09-16 22:56:00,0,None,data/sample/images/U1494.png,[],0.96,-0.0,99.2
U1495,B110,Variant-Alpha,2026-09-16 23:00:00,0,None,data/sample/images/U1495.png,[],1.16,0.07,98.1
U1496,B110,Variant-Alpha,2026-09-16 23:04:00,0,None,data/sample/images/U1496.png,[],1.31,0.035,92.5
U1497,B110,Variant-Alpha,2026-09-16 23:08:00,0,None,data/sample/images/U1497.png,[],1.09,0.075,93.7
U1498,B110,Variant-Beta,2026-09-16 23:12:00,0,None,data/sample/images/U1498.png,[],1.32,0.031,90.6
U1499,B110,Variant-Beta,2026-09-16 23:16:00,0,None,data/sample/images/U1499.png,[],1.29,0.02,99.3
U1500,B111,Variant-Alpha,2026-09-17 00:00:00,0,None,data/sample/images/U1500.png,[],1.28,0.042,89.7
U1501,B111,Variant-Alpha,2026-09-17 00:04:00,0,None,data/sample/images/U1501.png,[],1.3,0.054,96.3
U1502,B111,Variant-Alpha,2026-09-17 00:08:00,0,None,data/sample/images/U1502.png,[],1.4,-0.021,90.0
U1503,B111,Variant-Beta,2026-09-17 00:12:00,0,None,data/sample/images/U1503.png,[],0.88,-0.002,89.5
U1504,B111,Variant-Alpha,2026-09-17 00:16:00,0,None,data/sample/images/U1504.png,[],1.13,0.015,96.7
U1505,B111,Variant-Alpha,2026-09-17 00:20:00,0,None,data/sample/images/U1505.png,[],1.25,0.076,91.6
U1506,B111,Variant-Alpha,2026-09-17 00:24:00,0,None,data/sample/images/U1506.png,[],1.35,-0.021,94.9
U1507,B111,Variant-Beta,2026-09-17 00:28:00,0,None,data/sample/images/U1507.png,[],1.28,-0.02,91.4
U1508,B111,Variant-Alpha,2026-09-17 00:32:00,0,None,data/sample/images/U1508.png,[],0.86,0.034,97.4
U1509,B111,Variant-Beta,2026-09-17 00:36:00,0,None,data/sample/images/U1509.png,[],1.17,-0.025,90.7
U1510,B111,Variant-Beta,2026-09-17 00:40:00,0,None,data/sample/images/U1510.png,[],1.44,-0.06,90.6
U1511,B111,Variant-Gamma,2026-09-17 00:44:00,0,None,data/sample/images/U1511.png,[],1.25,0.021,95.0
U1512,B111,Variant-Beta,2026-09-17 00:48:00,0,None,data/sample/images/U1512.png,[],1.05,0.028,91.7
U1513,B111,Variant-Beta,2026-09-17 00:52:00,0,None,data/sample/images/U1513.png,[],1.35,0.019,99.4
U1514,B111,Variant-Alpha,2026-09-17 00:56:00,0,None,data/sample/images/U1514.png,[],1.2,0.03,92.3
U1515,B111,Variant-Alpha,2026-09-17 01:00:00,0,None,data/sample/images/U1515.png,[],1.2,-0.035,96.2
U1516,B111,Variant-Alpha,2026-09-17 01:04:00,0,None,data/sample/images/U1516.png,[],1.12,-0.009,94.8
U1517,B111,Variant-Beta,2026-09-17 01:08:00,0,None,data/sample/images/U1517.png,[],1.33,0.062,88.0
U1518,B111,Variant-Beta,2026-09-17 01:12:00,0,None,data/sample/images/U1518.png,[],1.25,-0.03,97.3
U1519,B111,Variant-Beta,2026-09-17 01:16:00,0,None,data/sample/images/U1519.png,[],1.21,0.024,91.9
U1520,B111,Variant-Alpha,2026-09-17 01:20:00,0,None,data/sample/images/U1520.png,[],1.33,-0.013,93.2
U1521,B111,Variant-Gamma,2026-09-17 01:24:00,0,None,data/sample/images/U1521.png,[],1.02,-0.079,95.2
U1522,B111,Variant-Alpha,2026-09-17 01:28:00,0,None,data/sample/images/U1522.png,[],1.24,-0.012,100.2
U1523,B111,Variant-Beta,2026-09-17 01:32:00,0,None,data/sample/images/U1523.png,[],1.42,0.059,94.9
U1524,B111,Variant-Gamma,2026-09-17 01:36:00,0,None,data/sample/images/U1524.png,[],0.87,0.008,93.8
U1525,B111,Variant-Alpha,2026-09-17 01:40:00,0,None,data/sample/images/U1525.png,[],1.51,0.012,97.4
U1526,B111,Variant-Alpha,2026-09-17 01:44:00,0,None,data/sample/images/U1526.png,[],1.2,0.048,95.9
U1527,B111,Variant-Alpha,2026-09-17 01:48:00,0,None,data/sample/images/U1527.png,[],1.26,0.008,92.6
U1528,B111,Variant-Gamma,2026-09-17 01:52:00,0,None,data/sample/images/U1528.png,[],1.06,-0.009,91.0
U1529,B111,Variant-Alpha,2026-09-17 01:56:00,0,None,data/sample/images/U1529.png,[],0.99,0.077,93.7
U1530,B111,Variant-Beta,2026-09-17 02:00:00,0,None,data/sample/images/U1530.png,[],1.21,0.089,95.3
U1531,B111,Variant-Alpha,2026-09-17 02:04:00,0,None,data/sample/images/U1531.png,[],1.52,0.064,95.7
U1532,B111,Variant-Beta,2026-09-17 02:08:00,0,None,data/sample/images/U1532.png,[],1.04,0.017,97.5
U1533,B111,Variant-Beta,2026-09-17 02:12:00,0,None,data/sample/images/U1533.png,[],1.52,0.02,94.2
U1534,B111,Variant-Beta,2026-09-17 02:16:00,0,None,data/sample/images/U1534.png,[],1.35,0.065,96.7
U1535,B111,Variant-Beta,2026-09-17 02:20:00,0,None,data/sample/images/U1535.png,[],1.31,0.012,91.1
U1536,B111,Variant-Beta,2026-09-17 02:24:00,0,None,data/sample/images/U1536.png,[],1.14,-0.02,92.4
U1537,B111,Variant-Alpha,2026-09-17 02:28:00,0,None,data/sample/images/U1537.png,[],1.13,-0.033,94.6
U1538,B111,Variant-Alpha,2026-09-17 02:32:00,0,None,data/sample/images/U1538.png,[],1.46,0.0,97.6
U1539,B111,Variant-Alpha,2026-09-17 02:36:00,0,None,data/sample/images/U1539.png,[],1.36,0.018,94.4
U1540,B111,Variant-Beta,2026-09-17 02:40:00,0,None,data/sample/images/U1540.png,[],1.1,-0.006,91.7
U1541,B111,Variant-Beta,2026-09-17 02:44:00,0,None,data/sample/images/U1541.png,[],1.38,0.052,96.0
U1542,B111,Variant-Beta,2026-09-17 02:48:00,0,None,data/sample/images/U1542.png,[],1.08,0.065,93.2
U1543,B111,Variant-Alpha,2026-09-17 02:52:00,1,Contamination,data/sample/images/U1543.png,"[59,39,19,26]",2.62,0.145,79.6
U1544,B111,Variant-Alpha,2026-09-17 02:56:00,0,None,data/sample/images/U1544.png,[],1.19,0.041,95.4
U1545,B111,Variant-Alpha,2026-09-17 03:00:00,0,None,data/sample/images/U1545.png,[],1.31,0.041,96.2
U1546,B111,Variant-Gamma,2026-09-17 03:04:00,0,None,data/sample/images/U1546.png,[],1.07,0.006,94.4
U1547,B111,Variant-Beta,2026-09-17 03:08:00,0,None,data/sample/images/U1547.png,[],1.23,0.053,90.8
U1548,B111,Variant-Alpha,2026-09-17 03:12:00,1,Crack,data/sample/images/U1548.png,"[56,60,21,29]",2.56,0.14,80.3
U1549,B111,Variant-Alpha,2026-09-17 03:16:00,0,None,data/sample/images/U1549.png,[],1.37,0.022,92.8
U1550,B112,Variant-Beta,2026-09-17 04:00:00,0,None,data/sample/images/U1550.png,[],1.29,-0.023,97.5
U1551,B112,Variant-Alpha,2026-09-17 04:04:00,0,None,data/sample/images/U1551.png,[],1.29,0.068,98.3
U1552,B112,Variant-Alpha,2026-09-17 04:08:00,0,None,data/sample/images/U1552.png,[],1.46,0.014,96.5
U1553,B112,Variant-Beta,2026-09-17 04:12:00,0,None,data/sample/images/U1553.png,[],1.24,-0.0,97.5
U1554,B112,Variant-Gamma,2026-09-17 04:16:00,1,Contamination,data/sample/images/U1554.png,"[29,47,23,25]",3.11,0.207,76.9
U1555,B112,Variant-Beta,2026-09-17 04:20:00,0,None,data/sample/images/U1555.png,[],1.16,0.035,92.0
U1556,B112,Variant-Alpha,2026-09-17 04:24:00,0,None,data/sample/images/U1556.png,[],1.19,0.027,98.9
U1557,B112,Variant-Gamma,2026-09-17 04:28:00,0,None,data/sample/images/U1557.png,[],1.4,0.017,96.1
U1558,B112,Variant-Alpha,2026-09-17 04:32:00,0,None,data/sample/images/U1558.png,[],1.29,-0.025,95.6
U1559,B112,Variant-Beta,2026-09-17 04:36:00,0,None,data/sample/images/U1559.png,[],1.21,-0.001,94.1
U1560,B112,Variant-Alpha,2026-09-17 04:40:00,0,None,data/sample/images/U1560.png,[],1.29,-0.012,91.3
U1561,B112,Variant-Gamma,2026-09-17 04:44:00,0,None,data/sample/images/U1561.png,[],1.36,0.037,92.2
U1562,B112,Variant-Alpha,2026-09-17 04:48:00,0,None,data/sample/images/U1562.png,[],1.3,0.044,94.4
U1563,B112,Variant-Gamma,2026-09-17 04:52:00,1,Pinhole Void,data/sample/images/U1563.png,"[63,36,15,15]",2.85,0.13,76.9
U1564,B112,Variant-Alpha,2026-09-17 04:56:00,1,Pinhole Void,data/sample/images/U1564.png,"[44,62,22,24]",2.6,0.101,82.8
U1565,B112,Variant-Alpha,2026-09-17 05:00:00,1,Surface Scratch,data/sample/images/U1565.png,"[47,64,25,28]",2.66,0.077,84.2
U1566,B112,Variant-Alpha,2026-09-17 05:04:00,0,None,data/sample/images/U1566.png,[],1.0,-0.03,96.9
U1567,B112,Variant-Alpha,2026-09-17 05:08:00,0,None,data/sample/images/U1567.png,[],1.52,-0.01,97.3
U1568,B112,Variant-Alpha,2026-09-17 05:12:00,1,Pinhole Void,data/sample/images/U1568.png,"[47,41,15,21]",2.63,0.149,75.5
U1569,B112,Variant-Alpha,2026-09-17 05:16:00,1,Pinhole Void,data/sample/images/U1569.png,"[42,36,22,15]",3.09,0.119,85.4
U1570,B112,Variant-Beta,2026-09-17 05:20:00,0,None,data/sample/images/U1570.png,[],1.04,-0.002,99.3
U1571,B112,Variant-Alpha,2026-09-17 05:24:00,0,None,data/sample/images/U1571.png,[],1.24,0.0,97.4
U1572,B112,Variant-Gamma,2026-09-17 05:28:00,0,None,data/sample/images/U1572.png,[],1.16,-0.054,93.1
U1573,B112,Variant-Alpha,2026-09-17 05:32:00,0,None,data/sample/images/U1573.png,[],1.31,0.024,91.0
U1574,B112,Variant-Beta,2026-09-17 05:36:00,0,None,data/sample/images/U1574.png,[],1.03,0.038,88.6
U1575,B112,Variant-Beta,2026-09-17 05:40:00,1,Pinhole Void,data/sample/images/U1575.png,"[52,54,17,26]",3.04,0.011,79.6
U1576,B112,Variant-Gamma,2026-09-17 05:44:00,0,None,data/sample/images/U1576.png,[],1.53,0.086,98.0
U1577,B112,Variant-Alpha,2026-09-17 05:48:00,0,None,data/sample/images/U1577.png,[],1.15,0.004,96.6
U1578,B112,Variant-Beta,2026-09-17 05:52:00,0,None,data/sample/images/U1578.png,[],1.7,0.094,98.7
U1579,B112,Variant-Beta,2026-09-17 05:56:00,0,None,data/sample/images/U1579.png,[],1.35,0.01,93.0
U1580,B112,Variant-Alpha,2026-09-17 06:00:00,0,None,data/sample/images/U1580.png,[],1.0,0.024,91.7
U1581,B112,Variant-Gamma,2026-09-17 06:04:00,0,None,data/sample/images/U1581.png,[],1.11,0.04,95.0
U1582,B112,Variant-Beta,2026-09-17 06:08:00,0,None,data/sample/images/U1582.png,[],1.41,0.068,94.7
U1583,B112,Variant-Beta,2026-09-17 06:12:00,0,None,data/sample/images/U1583.png,[],1.54,0.066,92.1
U1584,B112,Variant-Alpha,2026-09-17 06:16:00,0,None,data/sample/images/U1584.png,[],1.03,0.038,93.4
U1585,B112,Variant-Beta,2026-09-17 06:20:00,1,Pinhole Void,data/sample/images/U1585.png,"[54,57,23,18]",3.56,0.172,85.2
U1586,B112,Variant-Alpha,2026-09-17 06:24:00,0,None,data/sample/images/U1586.png,[],1.53,0.008,95.1
U1587,B112,Variant-Beta,2026-09-17 06:28:00,1,Surface Scratch,data/sample/images/U1587.png,"[63,55,15,15]",2.87,0.178,74.8
U1588,B112,Variant-Beta,2026-09-17 06:32:00,0,None,data/sample/images/U1588.png,[],1.13,0.009,98.8
U1589,B112,Variant-Alpha,2026-09-17 06:36:00,0,None,data/sample/images/U1589.png,[],1.27,0.033,95.0
U1590,B112,Variant-Alpha,2026-09-17 06:40:00,0,None,data/sample/images/U1590.png,[],1.04,0.055,95.4
U1591,B112,Variant-Alpha,2026-09-17 06:44:00,0,None,data/sample/images/U1591.png,[],1.35,0.05,97.4
U1592,B112,Variant-Beta,2026-09-17 06:48:00,0,None,data/sample/images/U1592.png,[],1.05,-0.03,94.2
U1593,B112,Variant-Alpha,2026-09-17 06:52:00,0,None,data/sample/images/U1593.png,[],1.11,-0.001,91.3
U1594,B112,Variant-Gamma,2026-09-17 06:56:00,1,Surface Scratch,data/sample/images/U1594.png,"[40,36,29,22]",2.36,0.04,82.5
U1595,B112,Variant-Alpha,2026-09-17 07:00:00,1,Pinhole Void,data/sample/images/U1595.png,"[27,51,15,29]",2.98,0.195,80.4
U1596,B112,Variant-Alpha,2026-09-17 07:04:00,0,None,data/sample/images/U1596.png,[],1.18,0.048,92.2
U1597,B112,Variant-Alpha,2026-09-17 07:08:00,1,Pinhole Void,data/sample/images/U1597.png,"[26,54,17,24]",3.11,0.191,82.6
U1598,B112,Variant-Gamma,2026-09-17 07:12:00,1,Pinhole Void,data/sample/images/U1598.png,"[62,39,24,24]",2.84,0.108,87.3
U1599,B112,Variant-Alpha,2026-09-17 07:16:00,0,None,data/sample/images/U1599.png,[],1.58,0.017,93.8
U1600,B113,Variant-Alpha,2026-09-17 08:00:00,0,None,data/sample/images/U1600.png,[],1.59,0.023,98.4
U1601,B113,Variant-Gamma,2026-09-17 08:04:00,1,Pinhole Void,data/sample/images/U1601.png,"[29,61,22,25]",1.73,0.147,77.3
U1602,B113,Variant-Beta,2026-09-17 08:08:00,1,Pinhole Void,data/sample/images/U1602.png,"[52,36,21,24]",2.95,0.18,72.4
U1603,B113,Variant-Alpha,2026-09-17 08:12:00,0,None,data/sample/images/U1603.png,[],1.32,-0.005,93.3
U1604,B113,Variant-Alpha,2026-09-17 08:16:00,1,Pinhole Void,data/sample/images/U1604.png,"[46,64,19,29]",2.17,0.151,84.5
U1605,B113,Variant-Beta,2026-09-17 08:20:00,1,Crack,data/sample/images/U1605.png,"[40,32,28,29]",2.79,0.144,77.5
U1606,B113,Variant-Alpha,2026-09-17 08:24:00,0,None,data/sample/images/U1606.png,[],1.38,0.007,90.9
U1607,B113,Variant-Alpha,2026-09-17 08:28:00,0,None,data/sample/images/U1607.png,[],1.3,0.041,96.5
U1608,B113,Variant-Alpha,2026-09-17 08:32:00,1,Surface Scratch,data/sample/images/U1608.png,"[29,46,24,15]",3.48,0.068,80.0
U1609,B113,Variant-Alpha,2026-09-17 08:36:00,0,None,data/sample/images/U1609.png,[],1.32,-0.039,97.6
U1610,B113,Variant-Gamma,2026-09-17 08:40:00,0,None,data/sample/images/U1610.png,[],1.12,-0.012,98.8
U1611,B113,Variant-Alpha,2026-09-17 08:44:00,0,None,data/sample/images/U1611.png,[],1.26,-0.028,96.4
U1612,B113,Variant-Beta,2026-09-17 08:48:00,0,None,data/sample/images/U1612.png,[],1.23,0.005,97.1
U1613,B113,Variant-Gamma,2026-09-17 08:52:00,0,None,data/sample/images/U1613.png,[],1.22,0.022,99.1
U1614,B113,Variant-Beta,2026-09-17 08:56:00,0,None,data/sample/images/U1614.png,[],1.12,-0.018,93.2
U1615,B113,Variant-Gamma,2026-09-17 09:00:00,1,Pinhole Void,data/sample/images/U1615.png,"[56,26,29,17]",2.67,0.141,72.3
U1616,B113,Variant-Beta,2026-09-17 09:04:00,0,None,data/sample/images/U1616.png,[],1.31,0.006,98.3
U1617,B113,Variant-Alpha,2026-09-17 09:08:00,0,None,data/sample/images/U1617.png,[],1.51,0.085,95.5
U1618,B113,Variant-Alpha,2026-09-17 09:12:00,0,None,data/sample/images/U1618.png,[],1.2,0.025,94.9
U1619,B113,Variant-Gamma,2026-09-17 09:16:00,0,None,data/sample/images/U1619.png,[],1.48,0.041,93.9
U1620,B113,Variant-Alpha,2026-09-17 09:20:00,0,None,data/sample/images/U1620.png,[],1.67,-0.078,96.4
U1621,B113,Variant-Alpha,2026-09-17 09:24:00,1,Pinhole Void,data/sample/images/U1621.png,"[35,41,18,29]",1.86,0.215,77.2
U1622,B113,Variant-Alpha,2026-09-17 09:28:00,0,None,data/sample/images/U1622.png,[],1.49,-0.002,94.7
U1623,B113,Variant-Beta,2026-09-17 09:32:00,0,None,data/sample/images/U1623.png,[],1.19,0.031,91.3
U1624,B113,Variant-Alpha,2026-09-17 09:36:00,0,None,data/sample/images/U1624.png,[],0.85,0.059,93.6
U1625,B113,Variant-Alpha,2026-09-17 09:40:00,0,None,data/sample/images/U1625.png,[],1.19,-0.014,93.9
U1626,B113,Variant-Alpha,2026-09-17 09:44:00,0,None,data/sample/images/U1626.png,[],1.05,0.027,93.5
U1627,B113,Variant-Gamma,2026-09-17 09:48:00,0,None,data/sample/images/U1627.png,[],1.16,-0.006,94.2
U1628,B113,Variant-Alpha,2026-09-17 09:52:00,0,None,data/sample/images/U1628.png,[],1.19,0.012,94.0
U1629,B113,Variant-Beta,2026-09-17 09:56:00,0,None,data/sample/images/U1629.png,[],1.26,0.018,93.1
U1630,B113,Variant-Alpha,2026-09-17 10:00:00,0,None,data/sample/images/U1630.png,[],0.94,0.027,91.6
U1631,B113,Variant-Gamma,2026-09-17 10:04:00,0,None,data/sample/images/U1631.png,[],1.42,-0.007,94.7
U1632,B113,Variant-Alpha,2026-09-17 10:08:00,0,None,data/sample/images/U1632.png,[],1.14,0.038,96.3
U1633,B113,Variant-Gamma,2026-09-17 10:12:00,1,Pinhole Void,data/sample/images/U1633.png,"[53,36,19,28]",2.4,0.093,74.3
U1634,B113,Variant-Beta,2026-09-17 10:16:00,0,None,data/sample/images/U1634.png,[],1.39,0.047,99.9
U1635,B113,Variant-Beta,2026-09-17 10:20:00,1,Pinhole Void,data/sample/images/U1635.png,"[61,51,21,18]",2.58,0.224,82.9
U1636,B113,Variant-Alpha,2026-09-17 10:24:00,0,None,data/sample/images/U1636.png,[],1.24,0.012,95.4
U1637,B113,Variant-Alpha,2026-09-17 10:28:00,0,None,data/sample/images/U1637.png,[],1.47,-0.03,91.0
U1638,B113,Variant-Alpha,2026-09-17 10:32:00,1,Surface Scratch,data/sample/images/U1638.png,"[62,30,18,29]",2.45,0.158,75.8
U1639,B113,Variant-Alpha,2026-09-17 10:36:00,0,None,data/sample/images/U1639.png,[],1.27,-0.014,94.7
U1640,B113,Variant-Alpha,2026-09-17 10:40:00,0,None,data/sample/images/U1640.png,[],1.24,-0.001,91.6
U1641,B113,Variant-Alpha,2026-09-17 10:44:00,0,None,data/sample/images/U1641.png,[],1.25,0.017,99.0
U1642,B113,Variant-Beta,2026-09-17 10:48:00,0,None,data/sample/images/U1642.png,[],1.18,0.067,100.4
U1643,B113,Variant-Beta,2026-09-17 10:52:00,0,None,data/sample/images/U1643.png,[],1.08,0.011,94.6
U1644,B113,Variant-Alpha,2026-09-17 10:56:00,0,None,data/sample/images/U1644.png,[],1.35,0.1,94.0
U1645,B113,Variant-Alpha,2026-09-17 11:00:00,1,Pinhole Void,data/sample/images/U1645.png,"[31,26,24,22]",1.9,0.104,81.1
U1646,B113,Variant-Alpha,2026-09-17 11:04:00,1,Contamination,data/sample/images/U1646.png,"[27,36,17,24]",2.96,0.137,87.4
U1647,B113,Variant-Beta,2026-09-17 11:08:00,0,None,data/sample/images/U1647.png,[],1.02,-0.026,96.2
U1648,B113,Variant-Alpha,2026-09-17 11:12:00,0,None,data/sample/images/U1648.png,[],1.32,-0.028,91.7
U1649,B113,Variant-Alpha,2026-09-17 11:16:00,0,None,data/sample/images/U1649.png,[],1.21,0.03,95.6
U1650,B114,Variant-Alpha,2026-09-17 12:00:00,0,None,data/sample/images/U1650.png,[],1.47,0.047,100.9
U1651,B114,Variant-Gamma,2026-09-17 12:04:00,0,None,data/sample/images/U1651.png,[],1.23,0.028,98.1
U1652,B114,Variant-Alpha,2026-09-17 12:08:00,1,Pinhole Void,data/sample/images/U1652.png,"[38,61,16,22]",2.93,0.128,75.1
U1653,B114,Variant-Beta,2026-09-17 12:12:00,0,None,data/sample/images/U1653.png,[],1.2,0.082,95.2
U1654,B114,Variant-Gamma,2026-09-17 12:16:00,0,None,data/sample/images/U1654.png,[],1.46,0.056,94.2
U1655,B114,Variant-Alpha,2026-09-17 12:20:00,0,None,data/sample/images/U1655.png,[],1.3,0.038,91.3
U1656,B114,Variant-Beta,2026-09-17 12:24:00,0,None,data/sample/images/U1656.png,[],1.46,-0.029,89.0
U1657,B114,Variant-Alpha,2026-09-17 12:28:00,1,Crack,data/sample/images/U1657.png,"[58,29,27,25]",2.97,0.217,77.4
U1658,B114,Variant-Beta,2026-09-17 12:32:00,1,Surface Scratch,data/sample/images/U1658.png,"[55,59,15,26]",3.18,0.147,81.4
U1659,B114,Variant-Beta,2026-09-17 12:36:00,1,Pinhole Void,data/sample/images/U1659.png,"[46,26,27,19]",2.9,0.071,77.7
U1660,B114,Variant-Alpha,2026-09-17 12:40:00,0,None,data/sample/images/U1660.png,[],1.24,0.025,97.5
U1661,B114,Variant-Gamma,2026-09-17 12:44:00,0,None,data/sample/images/U1661.png,[],1.27,-0.005,97.3
U1662,B114,Variant-Alpha,2026-09-17 12:48:00,0,None,data/sample/images/U1662.png,[],1.47,0.055,92.3
U1663,B114,Variant-Beta,2026-09-17 12:52:00,1,Pinhole Void,data/sample/images/U1663.png,"[36,44,27,18]",2.47,0.167,83.0
U1664,B114,Variant-Alpha,2026-09-17 12:56:00,0,None,data/sample/images/U1664.png,[],1.04,0.031,100.3
U1665,B114,Variant-Gamma,2026-09-17 13:00:00,1,Surface Scratch,data/sample/images/U1665.png,"[50,50,21,25]",2.19,0.186,76.9
U1666,B114,Variant-Beta,2026-09-17 13:04:00,0,None,data/sample/images/U1666.png,[],1.25,0.03,95.6
U1667,B114,Variant-Beta,2026-09-17 13:08:00,0,None,data/sample/images/U1667.png,[],1.22,0.07,90.0
U1668,B114,Variant-Beta,2026-09-17 13:12:00,1,Contamination,data/sample/images/U1668.png,"[32,31,25,21]",2.04,0.133,83.8
U1669,B114,Variant-Alpha,2026-09-17 13:16:00,0,None,data/sample/images/U1669.png,[],1.57,-0.021,97.9
U1670,B114,Variant-Beta,2026-09-17 13:20:00,0,None,data/sample/images/U1670.png,[],1.2,0.071,96.4
U1671,B114,Variant-Alpha,2026-09-17 13:24:00,1,Pinhole Void,data/sample/images/U1671.png,"[50,49,20,27]",2.59,0.144,69.3
U1672,B114,Variant-Alpha,2026-09-17 13:28:00,0,None,data/sample/images/U1672.png,[],1.04,-0.044,89.5
U1673,B114,Variant-Beta,2026-09-17 13:32:00,0,None,data/sample/images/U1673.png,[],1.01,-0.003,95.0
U1674,B114,Variant-Gamma,2026-09-17 13:36:00,0,None,data/sample/images/U1674.png,[],1.32,0.02,94.3
U1675,B114,Variant-Beta,2026-09-17 13:40:00,0,None,data/sample/images/U1675.png,[],1.03,-0.044,91.6
U1676,B114,Variant-Alpha,2026-09-17 13:44:00,0,None,data/sample/images/U1676.png,[],1.34,-0.01,100.6
U1677,B114,Variant-Gamma,2026-09-17 13:48:00,0,None,data/sample/images/U1677.png,[],1.46,0.054,92.9
U1678,B114,Variant-Beta,2026-09-17 13:52:00,1,Pinhole Void,data/sample/images/U1678.png,"[38,42,26,26]",2.72,0.191,79.2
U1679,B114,Variant-Beta,2026-09-17 13:56:00,0,None,data/sample/images/U1679.png,[],1.42,0.003,89.0
U1680,B114,Variant-Beta,2026-09-17 14:00:00,1,Pinhole Void,data/sample/images/U1680.png,"[26,36,28,18]",2.33,0.185,84.1
U1681,B114,Variant-Alpha,2026-09-17 14:04:00,0,None,data/sample/images/U1681.png,[],1.1,0.107,96.0
U1682,B114,Variant-Gamma,2026-09-17 14:08:00,0,None,data/sample/images/U1682.png,[],1.5,0.012,92.8
U1683,B114,Variant-Alpha,2026-09-17 14:12:00,0,None,data/sample/images/U1683.png,[],1.4,-0.029,98.8
U1684,B114,Variant-Alpha,2026-09-17 14:16:00,0,None,data/sample/images/U1684.png,[],1.21,0.043,93.7
U1685,B114,Variant-Alpha,2026-09-17 14:20:00,0,None,data/sample/images/U1685.png,[],0.99,0.026,97.9
U1686,B114,Variant-Alpha,2026-09-17 14:24:00,0,None,data/sample/images/U1686.png,[],1.48,0.022,98.0
U1687,B114,Variant-Beta,2026-09-17 14:28:00,0,None,data/sample/images/U1687.png,[],1.35,0.017,96.1
U1688,B114,Variant-Beta,2026-09-17 14:32:00,0,None,data/sample/images/U1688.png,[],1.45,0.083,98.4
U1689,B114,Variant-Beta,2026-09-17 14:36:00,0,None,data/sample/images/U1689.png,[],1.35,-0.006,95.2
U1690,B114,Variant-Alpha,2026-09-17 14:40:00,1,Pinhole Void,data/sample/images/U1690.png,"[52,53,29,17]",2.59,0.112,64.9
U1691,B114,Variant-Alpha,2026-09-17 14:44:00,0,None,data/sample/images/U1691.png,[],1.62,0.016,91.2
U1692,B114,Variant-Alpha,2026-09-17 14:48:00,1,Pinhole Void,data/sample/images/U1692.png,"[37,27,23,26]",2.42,0.124,66.4
U1693,B114,Variant-Alpha,2026-09-17 14:52:00,0,None,data/sample/images/U1693.png,[],1.49,-0.057,89.0
U1694,B114,Variant-Gamma,2026-09-17 14:56:00,0,None,data/sample/images/U1694.png,[],1.37,0.041,91.9
U1695,B114,Variant-Alpha,2026-09-17 15:00:00,0,None,data/sample/images/U1695.png,[],1.34,0.049,91.1
U1696,B114,Variant-Alpha,2026-09-17 15:04:00,1,Pinhole Void,data/sample/images/U1696.png,"[56,33,22,18]",2.49,0.143,81.3
U1697,B114,Variant-Gamma,2026-09-17 15:08:00,1,Pinhole Void,data/sample/images/U1697.png,"[29,49,18,20]",2.87,0.077,83.8
U1698,B114,Variant-Beta,2026-09-17 15:12:00,1,Pinhole Void,data/sample/images/U1698.png,"[36,37,16,29]",3.18,0.109,81.2
U1699,B114,Variant-Alpha,2026-09-17 15:16:00,0,None,data/sample/images/U1699.png,[],1.26,0.026,94.3
U1700,B115,Variant-Alpha,2026-09-17 16:00:00,0,None,data/sample/images/U1700.png,[],1.47,-0.016,99.3
U1701,B115,Variant-Gamma,2026-09-17 16:04:00,0,None,data/sample/images/U1701.png,[],0.94,-0.013,95.7
U1702,B115,Variant-Alpha,2026-09-17 16:08:00,0,None,data/sample/images/U1702.png,[],1.34,-0.072,91.8
U1703,B115,Variant-Alpha,2026-09-17 16:12:00,1,Contamination,data/sample/images/U1703.png,"[45,50,22,19]",3.38,0.208,74.6
U1704,B115,Variant-Alpha,2026-09-17 16:16:00,0,None,data/sample/images/U1704.png,[],1.46,-0.046,91.2
U1705,B115,Variant-Alpha,2026-09-17 16:20:00,0,None,data/sample/images/U1705.png,[],1.3,-0.034,95.4
U1706,B115,Variant-Beta,2026-09-17 16:24:00,1,Pinhole Void,data/sample/images/U1706.png,"[44,51,20,25]",2.93,0.229,84.6
U1707,B115,Variant-Beta,2026-09-17 16:28:00,0,None,data/sample/images/U1707.png,[],1.4,0.001,92.8
U1708,B115,Variant-Alpha,2026-09-17 16:32:00,0,None,data/sample/images/U1708.png,[],0.92,0.019,94.5
U1709,B115,Variant-Alpha,2026-09-17 16:36:00,0,None,data/sample/images/U1709.png,[],1.21,0.017,93.5
U1710,B115,Variant-Gamma,2026-09-17 16:40:00,1,Pinhole Void,data/sample/images/U1710.png,"[48,43,16,15]",2.25,0.124,85.1
U1711,B115,Variant-Alpha,2026-09-17 16:44:00,0,None,data/sample/images/U1711.png,[],1.02,0.023,91.8
U1712,B115,Variant-Alpha,2026-09-17 16:48:00,0,None,data/sample/images/U1712.png,[],1.33,0.058,91.6
U1713,B115,Variant-Alpha,2026-09-17 16:52:00,1,Pinhole Void,data/sample/images/U1713.png,"[64,42,16,23]",2.26,0.246,88.3
U1714,B115,Variant-Alpha,2026-09-17 16:56:00,0,None,data/sample/images/U1714.png,[],1.26,-0.03,92.6
U1715,B115,Variant-Alpha,2026-09-17 17:00:00,0,None,data/sample/images/U1715.png,[],1.08,0.052,96.2
U1716,B115,Variant-Gamma,2026-09-17 17:04:00,1,Pinhole Void,data/sample/images/U1716.png,"[29,29,18,29]",3.22,0.197,75.6
U1717,B115,Variant-Gamma,2026-09-17 17:08:00,1,Pinhole Void,data/sample/images/U1717.png,"[33,54,19,25]",3.1,0.116,79.0
U1718,B115,Variant-Gamma,2026-09-17 17:12:00,0,None,data/sample/images/U1718.png,[],1.05,0.042,96.7
U1719,B115,Variant-Alpha,2026-09-17 17:16:00,0,None,data/sample/images/U1719.png,[],1.39,0.035,95.0
U1720,B115,Variant-Alpha,2026-09-17 17:20:00,0,None,data/sample/images/U1720.png,[],1.39,0.052,94.2
U1721,B115,Variant-Alpha,2026-09-17 17:24:00,0,None,data/sample/images/U1721.png,[],1.33,0.034,99.0
U1722,B115,Variant-Alpha,2026-09-17 17:28:00,0,None,data/sample/images/U1722.png,[],1.13,-0.047,98.1
U1723,B115,Variant-Alpha,2026-09-17 17:32:00,0,None,data/sample/images/U1723.png,[],1.39,-0.014,92.7
U1724,B115,Variant-Beta,2026-09-17 17:36:00,0,None,data/sample/images/U1724.png,[],1.49,-0.009,90.3
U1725,B115,Variant-Alpha,2026-09-17 17:40:00,0,None,data/sample/images/U1725.png,[],1.04,0.005,93.2
U1726,B115,Variant-Alpha,2026-09-17 17:44:00,0,None,data/sample/images/U1726.png,[],1.18,0.04,92.9
U1727,B115,Variant-Beta,2026-09-17 17:48:00,0,None,data/sample/images/U1727.png,[],1.33,-0.025,97.9
U1728,B115,Variant-Beta,2026-09-17 17:52:00,0,None,data/sample/images/U1728.png,[],1.06,0.016,97.3
U1729,B115,Variant-Gamma,2026-09-17 17:56:00,1,Contamination,data/sample/images/U1729.png,"[45,63,28,25]",2.37,0.181,78.7
U1730,B115,Variant-Alpha,2026-09-17 18:00:00,0,None,data/sample/images/U1730.png,[],1.4,0.055,96.0
U1731,B115,Variant-Alpha,2026-09-17 18:04:00,1,Pinhole Void,data/sample/images/U1731.png,"[51,40,20,21]",2.48,0.084,78.8
U1732,B115,Variant-Gamma,2026-09-17 18:08:00,0,None,data/sample/images/U1732.png,[],1.36,-0.015,101.5
U1733,B115,Variant-Alpha,2026-09-17 18:12:00,0,None,data/sample/images/U1733.png,[],1.3,0.034,96.9
U1734,B115,Variant-Alpha,2026-09-17 18:16:00,0,None,data/sample/images/U1734.png,[],1.47,0.052,96.9
U1735,B115,Variant-Beta,2026-09-17 18:20:00,1,Pinhole Void,data/sample/images/U1735.png,"[38,39,29,20]",2.51,0.185,78.9
U1736,B115,Variant-Alpha,2026-09-17 18:24:00,0,None,data/sample/images/U1736.png,[],1.42,0.027,94.3
U1737,B115,Variant-Alpha,2026-09-17 18:28:00,0,None,data/sample/images/U1737.png,[],1.27,-0.03,94.8
U1738,B115,Variant-Alpha,2026-09-17 18:32:00,0,None,data/sample/images/U1738.png,[],1.13,0.01,92.8
U1739,B115,Variant-Alpha,2026-09-17 18:36:00,0,None,data/sample/images/U1739.png,[],0.82,-0.065,100.5
U1740,B115,Variant-Alpha,2026-09-17 18:40:00,0,None,data/sample/images/U1740.png,[],1.1,0.029,95.1
U1741,B115,Variant-Beta,2026-09-17 18:44:00,0,None,data/sample/images/U1741.png,[],1.35,-0.002,96.4
U1742,B115,Variant-Alpha,2026-09-17 18:48:00,0,None,data/sample/images/U1742.png,[],1.11,0.108,96.4
U1743,B115,Variant-Alpha,2026-09-17 18:52:00,0,None,data/sample/images/U1743.png,[],1.77,0.044,97.0
U1744,B115,Variant-Gamma,2026-09-17 18:56:00,0,None,data/sample/images/U1744.png,[],1.39,-0.02,91.5
U1745,B115,Variant-Alpha,2026-09-17 19:00:00,0,None,data/sample/images/U1745.png,[],1.11,-0.019,96.7
U1746,B115,Variant-Beta,2026-09-17 19:04:00,0,None,data/sample/images/U1746.png,[],1.2,0.002,92.1
U1747,B115,Variant-Beta,2026-09-17 19:08:00,1,Pinhole Void,data/sample/images/U1747.png,"[61,63,27,24]",3.07,0.156,83.4
U1748,B115,Variant-Beta,2026-09-17 19:12:00,1,Pinhole Void,data/sample/images/U1748.png,"[28,27,21,22]",2.94,0.047,86.0
U1749,B115,Variant-Gamma,2026-09-17 19:16:00,0,None,data/sample/images/U1749.png,[],1.12,0.0,96.3
U1750,B116,Variant-Beta,2026-09-17 20:00:00,0,None,data/sample/images/U1750.png,[],1.31,0.011,94.8
U1751,B116,Variant-Alpha,2026-09-17 20:04:00,0,None,data/sample/images/U1751.png,[],1.05,-0.016,88.9
U1752,B116,Variant-Gamma,2026-09-17 20:08:00,0,None,data/sample/images/U1752.png,[],1.3,0.074,93.2
U1753,B116,Variant-Beta,2026-09-17 20:12:00,0,None,data/sample/images/U1753.png,[],1.42,0.054,91.1
U1754,B116,Variant-Gamma,2026-09-17 20:16:00,0,None,data/sample/images/U1754.png,[],1.07,0.05,94.2
U1755,B116,Variant-Beta,2026-09-17 20:20:00,1,Pinhole Void,data/sample/images/U1755.png,"[64,50,26,15]",2.07,0.14,87.9
U1756,B116,Variant-Alpha,2026-09-17 20:24:00,0,None,data/sample/images/U1756.png,[],1.26,0.024,97.5
U1757,B116,Variant-Gamma,2026-09-17 20:28:00,0,None,data/sample/images/U1757.png,[],1.25,0.09,91.0
U1758,B116,Variant-Beta,2026-09-17 20:32:00,1,Pinhole Void,data/sample/images/U1758.png,"[36,30,20,23]",2.2,0.161,76.3
U1759,B116,Variant-Alpha,2026-09-17 20:36:00,0,None,data/sample/images/U1759.png,[],1.27,0.002,94.2
U1760,B116,Variant-Alpha,2026-09-17 20:40:00,0,None,data/sample/images/U1760.png,[],1.18,0.024,94.4
U1761,B116,Variant-Beta,2026-09-17 20:44:00,0,None,data/sample/images/U1761.png,[],1.28,-0.026,95.9
U1762,B116,Variant-Alpha,2026-09-17 20:48:00,0,None,data/sample/images/U1762.png,[],1.46,0.032,93.9
U1763,B116,Variant-Alpha,2026-09-17 20:52:00,0,None,data/sample/images/U1763.png,[],1.15,-0.019,93.4
U1764,B116,Variant-Beta,2026-09-17 20:56:00,0,None,data/sample/images/U1764.png,[],1.08,0.004,92.8
U1765,B116,Variant-Alpha,2026-09-17 21:00:00,0,None,data/sample/images/U1765.png,[],1.12,0.071,96.8
U1766,B116,Variant-Alpha,2026-09-17 21:04:00,0,None,data/sample/images/U1766.png,[],1.22,-0.035,93.0
U1767,B116,Variant-Alpha,2026-09-17 21:08:00,0,None,data/sample/images/U1767.png,[],1.34,0.06,91.4
U1768,B116,Variant-Alpha,2026-09-17 21:12:00,0,None,data/sample/images/U1768.png,[],1.18,0.01,90.6
U1769,B116,Variant-Alpha,2026-09-17 21:16:00,1,Surface Scratch,data/sample/images/U1769.png,"[57,41,22,19]",2.92,0.124,87.0
U1770,B116,Variant-Alpha,2026-09-17 21:20:00,0,None,data/sample/images/U1770.png,[],1.11,0.004,99.8
U1771,B116,Variant-Beta,2026-09-17 21:24:00,0,None,data/sample/images/U1771.png,[],1.54,-0.046,93.2
U1772,B116,Variant-Alpha,2026-09-17 21:28:00,0,None,data/sample/images/U1772.png,[],1.08,0.052,90.9
U1773,B116,Variant-Gamma,2026-09-17 21:32:00,1,Surface Scratch,data/sample/images/U1773.png,"[44,33,27,29]",2.84,0.065,81.0
U1774,B116,Variant-Gamma,2026-09-17 21:36:00,1,Pinhole Void,data/sample/images/U1774.png,"[50,50,28,26]",3.15,0.161,71.0
U1775,B116,Variant-Alpha,2026-09-17 21:40:00,0,None,data/sample/images/U1775.png,[],1.34,0.045,96.3
U1776,B116,Variant-Gamma,2026-09-17 21:44:00,0,None,data/sample/images/U1776.png,[],1.33,0.061,96.1
U1777,B116,Variant-Alpha,2026-09-17 21:48:00,0,None,data/sample/images/U1777.png,[],0.89,0.002,94.4
U1778,B116,Variant-Alpha,2026-09-17 21:52:00,0,None,data/sample/images/U1778.png,[],1.06,0.099,93.4
U1779,B116,Variant-Beta,2026-09-17 21:56:00,1,Surface Scratch,data/sample/images/U1779.png,"[38,31,15,24]",3.71,0.136,79.3
U1780,B116,Variant-Alpha,2026-09-17 22:00:00,0,None,data/sample/images/U1780.png,[],1.54,-0.036,92.8
U1781,B116,Variant-Gamma,2026-09-17 22:04:00,0,None,data/sample/images/U1781.png,[],1.42,0.069,97.3
U1782,B116,Variant-Beta,2026-09-17 22:08:00,0,None,data/sample/images/U1782.png,[],1.14,0.011,94.4
U1783,B116,Variant-Alpha,2026-09-17 22:12:00,0,None,data/sample/images/U1783.png,[],1.23,0.03,92.7
U1784,B116,Variant-Gamma,2026-09-17 22:16:00,0,None,data/sample/images/U1784.png,[],1.59,0.012,93.8
U1785,B116,Variant-Alpha,2026-09-17 22:20:00,0,None,data/sample/images/U1785.png,[],1.45,-0.007,104.7
U1786,B116,Variant-Alpha,2026-09-17 22:24:00,1,Crack,data/sample/images/U1786.png,"[54,64,21,17]",3.03,0.122,81.5
U1787,B116,Variant-Gamma,2026-09-17 22:28:00,1,Pinhole Void,data/sample/images/U1787.png,"[29,47,19,19]",2.59,0.148,70.9
U1788,B116,Variant-Beta,2026-09-17 22:32:00,0,None,data/sample/images/U1788.png,[],1.32,0.022,92.0
U1789,B116,Variant-Alpha,2026-09-17 22:36:00,0,None,data/sample/images/U1789.png,[],1.44,0.061,94.9
U1790,B116,Variant-Alpha,2026-09-17 22:40:00,0,None,data/sample/images/U1790.png,[],1.24,0.063,97.4
U1791,B116,Variant-Gamma,2026-09-17 22:44:00,0,None,data/sample/images/U1791.png,[],1.43,-0.014,96.1
U1792,B116,Variant-Alpha,2026-09-17 22:48:00,0,None,data/sample/images/U1792.png,[],0.96,-0.008,95.7
U1793,B116,Variant-Gamma,2026-09-17 22:52:00,0,None,data/sample/images/U1793.png,[],1.13,-0.004,98.2
U1794,B116,Variant-Beta,2026-09-17 22:56:00,0,None,data/sample/images/U1794.png,[],1.39,0.037,93.8
U1795,B116,Variant-Alpha,2026-09-17 23:00:00,0,None,data/sample/images/U1795.png,[],1.41,0.02,94.9
U1796,B116,Variant-Alpha,2026-09-17 23:04:00,0,None,data/sample/images/U1796.png,[],1.14,0.021,97.8
U1797,B116,Variant-Alpha,2026-09-17 23:08:00,1,Pinhole Void,data/sample/images/U1797.png,"[63,48,15,25]",2.11,0.175,85.4
U1798,B116,Variant-Alpha,2026-09-17 23:12:00,0,None,data/sample/images/U1798.png,[],1.19,-0.003,93.3
U1799,B116,Variant-Gamma,2026-09-17 23:16:00,0,None,data/sample/images/U1799.png,[],1.45,-0.0,98.2
U1800,B117,Variant-Alpha,2026-09-18 00:00:00,0,None,data/sample/images/U1800.png,[],1.32,0.076,93.9
U1801,B117,Variant-Beta,2026-09-18 00:04:00,0,None,data/sample/images/U1801.png,[],1.1,0.06,90.9
U1802,B117,Variant-Alpha,2026-09-18 00:08:00,0,None,data/sample/images/U1802.png,[],1.2,0.029,95.0
U1803,B117,Variant-Beta,2026-09-18 00:12:00,0,None,data/sample/images/U1803.png,[],1.44,0.057,94.7
U1804,B117,Variant-Beta,2026-09-18 00:16:00,0,None,data/sample/images/U1804.png,[],1.13,-0.014,91.8
U1805,B117,Variant-Alpha,2026-09-18 00:20:00,0,None,data/sample/images/U1805.png,[],1.21,-0.022,92.6
U1806,B117,Variant-Beta,2026-09-18 00:24:00,0,None,data/sample/images/U1806.png,[],1.32,0.023,95.1
U1807,B117,Variant-Gamma,2026-09-18 00:28:00,0,None,data/sample/images/U1807.png,[],1.55,0.0,97.1
U1808,B117,Variant-Alpha,2026-09-18 00:32:00,0,None,data/sample/images/U1808.png,[],1.17,0.029,90.7
U1809,B117,Variant-Beta,2026-09-18 00:36:00,0,None,data/sample/images/U1809.png,[],1.28,0.046,93.2
U1810,B117,Variant-Alpha,2026-09-18 00:40:00,0,None,data/sample/images/U1810.png,[],0.96,-0.012,91.6
U1811,B117,Variant-Alpha,2026-09-18 00:44:00,0,None,data/sample/images/U1811.png,[],1.32,0.026,94.9
U1812,B117,Variant-Gamma,2026-09-18 00:48:00,0,None,data/sample/images/U1812.png,[],1.18,-0.041,93.4
U1813,B117,Variant-Gamma,2026-09-18 00:52:00,0,None,data/sample/images/U1813.png,[],1.33,-0.006,97.3
U1814,B117,Variant-Alpha,2026-09-18 00:56:00,0,None,data/sample/images/U1814.png,[],0.79,0.02,98.3
U1815,B117,Variant-Alpha,2026-09-18 01:00:00,0,None,data/sample/images/U1815.png,[],1.52,0.007,90.8
U1816,B117,Variant-Alpha,2026-09-18 01:04:00,0,None,data/sample/images/U1816.png,[],1.22,-0.016,91.0
U1817,B117,Variant-Beta,2026-09-18 01:08:00,0,None,data/sample/images/U1817.png,[],1.35,-0.012,91.5
U1818,B117,Variant-Alpha,2026-09-18 01:12:00,0,None,data/sample/images/U1818.png,[],1.07,-0.045,96.3
U1819,B117,Variant-Beta,2026-09-18 01:16:00,0,None,data/sample/images/U1819.png,[],1.01,0.025,99.2
U1820,B117,Variant-Beta,2026-09-18 01:20:00,0,None,data/sample/images/U1820.png,[],1.2,0.105,93.4
U1821,B117,Variant-Alpha,2026-09-18 01:24:00,0,None,data/sample/images/U1821.png,[],1.15,-0.012,91.8
U1822,B117,Variant-Alpha,2026-09-18 01:28:00,0,None,data/sample/images/U1822.png,[],1.29,0.052,97.6
U1823,B117,Variant-Alpha,2026-09-18 01:32:00,0,None,data/sample/images/U1823.png,[],1.14,-0.039,96.0
U1824,B117,Variant-Gamma,2026-09-18 01:36:00,0,None,data/sample/images/U1824.png,[],1.26,0.065,92.2
U1825,B117,Variant-Beta,2026-09-18 01:40:00,0,None,data/sample/images/U1825.png,[],1.45,-0.061,93.1
U1826,B117,Variant-Beta,2026-09-18 01:44:00,0,None,data/sample/images/U1826.png,[],1.37,0.012,93.9
U1827,B117,Variant-Beta,2026-09-18 01:48:00,0,None,data/sample/images/U1827.png,[],0.91,-0.018,94.0
U1828,B117,Variant-Alpha,2026-09-18 01:52:00,0,None,data/sample/images/U1828.png,[],1.19,0.03,93.0
U1829,B117,Variant-Alpha,2026-09-18 01:56:00,0,None,data/sample/images/U1829.png,[],1.42,0.03,97.3
U1830,B117,Variant-Beta,2026-09-18 02:00:00,0,None,data/sample/images/U1830.png,[],1.58,0.019,97.7
U1831,B117,Variant-Alpha,2026-09-18 02:04:00,0,None,data/sample/images/U1831.png,[],1.17,0.001,94.1
U1832,B117,Variant-Alpha,2026-09-18 02:08:00,0,None,data/sample/images/U1832.png,[],1.49,-0.019,91.5
U1833,B117,Variant-Gamma,2026-09-18 02:12:00,0,None,data/sample/images/U1833.png,[],1.26,0.011,94.7
U1834,B117,Variant-Alpha,2026-09-18 02:16:00,1,Surface Scratch,data/sample/images/U1834.png,"[64,62,25,29]",2.88,0.053,82.4
U1835,B117,Variant-Beta,2026-09-18 02:20:00,0,None,data/sample/images/U1835.png,[],1.09,0.046,94.6
U1836,B117,Variant-Beta,2026-09-18 02:24:00,0,None,data/sample/images/U1836.png,[],1.43,0.019,93.9
U1837,B117,Variant-Alpha,2026-09-18 02:28:00,0,None,data/sample/images/U1837.png,[],0.94,0.034,96.9
U1838,B117,Variant-Beta,2026-09-18 02:32:00,0,None,data/sample/images/U1838.png,[],1.06,-0.06,92.2
U1839,B117,Variant-Alpha,2026-09-18 02:36:00,0,None,data/sample/images/U1839.png,[],1.49,0.079,93.8
U1840,B117,Variant-Alpha,2026-09-18 02:40:00,0,None,data/sample/images/U1840.png,[],1.45,-0.006,96.1
U1841,B117,Variant-Beta,2026-09-18 02:44:00,0,None,data/sample/images/U1841.png,[],1.28,0.036,94.9
U1842,B117,Variant-Beta,2026-09-18 02:48:00,1,Pinhole Void,data/sample/images/U1842.png,"[60,43,15,19]",3.54,0.254,74.5
U1843,B117,Variant-Gamma,2026-09-18 02:52:00,0,None,data/sample/images/U1843.png,[],1.19,0.103,94.4
U1844,B117,Variant-Alpha,2026-09-18 02:56:00,0,None,data/sample/images/U1844.png,[],1.28,0.083,98.1
U1845,B117,Variant-Alpha,2026-09-18 03:00:00,0,None,data/sample/images/U1845.png,[],1.14,-0.015,89.2
U1846,B117,Variant-Beta,2026-09-18 03:04:00,0,None,data/sample/images/U1846.png,[],1.31,0.063,97.5
U1847,B117,Variant-Alpha,2026-09-18 03:08:00,0,None,data/sample/images/U1847.png,[],1.15,-0.045,94.6
U1848,B117,Variant-Alpha,2026-09-18 03:12:00,0,None,data/sample/images/U1848.png,[],0.73,0.036,94.7
U1849,B117,Variant-Gamma,2026-09-18 03:16:00,0,None,data/sample/images/U1849.png,[],1.33,0.052,95.1
U1850,B118,Variant-Beta,2026-09-18 04:00:00,0,None,data/sample/images/U1850.png,[],1.11,0.007,88.2
U1851,B118,Variant-Gamma,2026-09-18 04:04:00,0,None,data/sample/images/U1851.png,[],1.09,-0.011,91.0
U1852,B118,Variant-Gamma,2026-09-18 04:08:00,0,None,data/sample/images/U1852.png,[],0.91,-0.006,100.0
U1853,B118,Variant-Alpha,2026-09-18 04:12:00,0,None,data/sample/images/U1853.png,[],1.3,-0.04,91.1
U1854,B118,Variant-Alpha,2026-09-18 04:16:00,0,None,data/sample/images/U1854.png,[],1.07,-0.006,90.8
U1855,B118,Variant-Beta,2026-09-18 04:20:00,0,None,data/sample/images/U1855.png,[],0.87,0.042,91.4
U1856,B118,Variant-Beta,2026-09-18 04:24:00,0,None,data/sample/images/U1856.png,[],1.3,-0.006,94.9
U1857,B118,Variant-Beta,2026-09-18 04:28:00,0,None,data/sample/images/U1857.png,[],1.13,0.01,97.9
U1858,B118,Variant-Alpha,2026-09-18 04:32:00,0,None,data/sample/images/U1858.png,[],1.15,-0.024,96.8
U1859,B118,Variant-Alpha,2026-09-18 04:36:00,0,None,data/sample/images/U1859.png,[],1.64,-0.011,92.6
U1860,B118,Variant-Alpha,2026-09-18 04:40:00,0,None,data/sample/images/U1860.png,[],1.14,-0.028,95.3
U1861,B118,Variant-Gamma,2026-09-18 04:44:00,0,None,data/sample/images/U1861.png,[],1.24,-0.025,92.0
U1862,B118,Variant-Beta,2026-09-18 04:48:00,0,None,data/sample/images/U1862.png,[],1.27,0.019,98.4
U1863,B118,Variant-Alpha,2026-09-18 04:52:00,0,None,data/sample/images/U1863.png,[],1.06,-0.045,91.9
U1864,B118,Variant-Beta,2026-09-18 04:56:00,0,None,data/sample/images/U1864.png,[],1.42,-0.006,93.2
U1865,B118,Variant-Beta,2026-09-18 05:00:00,0,None,data/sample/images/U1865.png,[],0.93,0.053,99.0
U1866,B118,Variant-Gamma,2026-09-18 05:04:00,0,None,data/sample/images/U1866.png,[],1.33,0.069,93.9
U1867,B118,Variant-Alpha,2026-09-18 05:08:00,0,None,data/sample/images/U1867.png,[],0.93,0.021,97.2
U1868,B118,Variant-Beta,2026-09-18 05:12:00,0,None,data/sample/images/U1868.png,[],0.9,0.012,94.5
U1869,B118,Variant-Alpha,2026-09-18 05:16:00,0,None,data/sample/images/U1869.png,[],1.01,-0.023,94.2
U1870,B118,Variant-Gamma,2026-09-18 05:20:00,0,None,data/sample/images/U1870.png,[],1.14,0.026,96.3
U1871,B118,Variant-Beta,2026-09-18 05:24:00,0,None,data/sample/images/U1871.png,[],1.35,0.051,95.7
U1872,B118,Variant-Beta,2026-09-18 05:28:00,0,None,data/sample/images/U1872.png,[],1.56,-0.072,94.8
U1873,B118,Variant-Alpha,2026-09-18 05:32:00,0,None,data/sample/images/U1873.png,[],1.19,0.029,89.4
U1874,B118,Variant-Alpha,2026-09-18 05:36:00,0,None,data/sample/images/U1874.png,[],1.16,0.03,94.7
U1875,B118,Variant-Alpha,2026-09-18 05:40:00,0,None,data/sample/images/U1875.png,[],1.44,0.046,95.5
U1876,B118,Variant-Gamma,2026-09-18 05:44:00,0,None,data/sample/images/U1876.png,[],1.18,-0.007,96.1
U1877,B118,Variant-Beta,2026-09-18 05:48:00,0,None,data/sample/images/U1877.png,[],1.22,-0.007,95.4
U1878,B118,Variant-Beta,2026-09-18 05:52:00,0,None,data/sample/images/U1878.png,[],1.0,0.058,95.4
U1879,B118,Variant-Alpha,2026-09-18 05:56:00,0,None,data/sample/images/U1879.png,[],1.22,0.042,95.9
U1880,B118,Variant-Gamma,2026-09-18 06:00:00,0,None,data/sample/images/U1880.png,[],1.49,0.061,95.5
U1881,B118,Variant-Gamma,2026-09-18 06:04:00,0,None,data/sample/images/U1881.png,[],1.09,-0.004,94.3
U1882,B118,Variant-Alpha,2026-09-18 06:08:00,0,None,data/sample/images/U1882.png,[],1.18,0.08,94.2
U1883,B118,Variant-Alpha,2026-09-18 06:12:00,0,None,data/sample/images/U1883.png,[],1.14,-0.034,97.4
U1884,B118,Variant-Beta,2026-09-18 06:16:00,0,None,data/sample/images/U1884.png,[],1.24,0.023,88.4
U1885,B118,Variant-Beta,2026-09-18 06:20:00,0,None,data/sample/images/U1885.png,[],1.19,-0.02,97.1
U1886,B118,Variant-Alpha,2026-09-18 06:24:00,0,None,data/sample/images/U1886.png,[],1.19,0.019,97.3
U1887,B118,Variant-Gamma,2026-09-18 06:28:00,0,None,data/sample/images/U1887.png,[],1.3,-0.013,94.3
U1888,B118,Variant-Beta,2026-09-18 06:32:00,0,None,data/sample/images/U1888.png,[],1.17,-0.038,95.4
U1889,B118,Variant-Alpha,2026-09-18 06:36:00,0,None,data/sample/images/U1889.png,[],0.97,0.008,97.8
U1890,B118,Variant-Alpha,2026-09-18 06:40:00,0,None,data/sample/images/U1890.png,[],1.29,0.004,90.9
U1891,B118,Variant-Alpha,2026-09-18 06:44:00,0,None,data/sample/images/U1891.png,[],1.31,0.019,92.7
U1892,B118,Variant-Gamma,2026-09-18 06:48:00,1,Surface Scratch,data/sample/images/U1892.png,"[62,55,28,19]",2.13,0.073,72.5
U1893,B118,Variant-Alpha,2026-09-18 06:52:00,0,None,data/sample/images/U1893.png,[],1.37,0.057,99.7
U1894,B118,Variant-Beta,2026-09-18 06:56:00,0,None,data/sample/images/U1894.png,[],1.15,-0.025,96.9
U1895,B118,Variant-Gamma,2026-09-18 07:00:00,0,None,data/sample/images/U1895.png,[],1.33,0.026,98.1
U1896,B118,Variant-Beta,2026-09-18 07:04:00,0,None,data/sample/images/U1896.png,[],1.4,0.033,93.2
U1897,B118,Variant-Beta,2026-09-18 07:08:00,0,None,data/sample/images/U1897.png,[],1.39,-0.027,95.3
U1898,B118,Variant-Beta,2026-09-18 07:12:00,0,None,data/sample/images/U1898.png,[],1.24,-0.041,95.7
U1899,B118,Variant-Beta,2026-09-18 07:16:00,0,None,data/sample/images/U1899.png,[],1.15,0.029,91.8
U1900,B119,Variant-Alpha,2026-09-18 08:00:00,0,None,data/sample/images/U1900.png,[],1.4,0.074,92.2
U1901,B119,Variant-Alpha,2026-09-18 08:04:00,0,None,data/sample/images/U1901.png,[],1.44,-0.019,90.7
U1902,B119,Variant-Beta,2026-09-18 08:08:00,0,None,data/sample/images/U1902.png,[],1.21,0.028,96.4
U1903,B119,Variant-Alpha,2026-09-18 08:12:00,0,None,data/sample/images/U1903.png,[],1.3,0.038,94.3
U1904,B119,Variant-Beta,2026-09-18 08:16:00,0,None,data/sample/images/U1904.png,[],1.14,-0.018,94.0
U1905,B119,Variant-Beta,2026-09-18 08:20:00,0,None,data/sample/images/U1905.png,[],1.09,0.027,92.0
U1906,B119,Variant-Alpha,2026-09-18 08:24:00,0,None,data/sample/images/U1906.png,[],1.16,0.053,95.9
U1907,B119,Variant-Beta,2026-09-18 08:28:00,0,None,data/sample/images/U1907.png,[],1.62,-0.034,96.6
U1908,B119,Variant-Alpha,2026-09-18 08:32:00,0,None,data/sample/images/U1908.png,[],1.28,0.048,95.9
U1909,B119,Variant-Beta,2026-09-18 08:36:00,0,None,data/sample/images/U1909.png,[],1.09,0.041,92.7
U1910,B119,Variant-Alpha,2026-09-18 08:40:00,0,None,data/sample/images/U1910.png,[],1.21,0.042,91.6
U1911,B119,Variant-Alpha,2026-09-18 08:44:00,0,None,data/sample/images/U1911.png,[],1.6,0.028,96.1
U1912,B119,Variant-Alpha,2026-09-18 08:48:00,0,None,data/sample/images/U1912.png,[],1.32,0.007,98.4
U1913,B119,Variant-Alpha,2026-09-18 08:52:00,0,None,data/sample/images/U1913.png,[],1.4,0.012,93.7
U1914,B119,Variant-Beta,2026-09-18 08:56:00,0,None,data/sample/images/U1914.png,[],1.15,0.038,91.5
U1915,B119,Variant-Beta,2026-09-18 09:00:00,0,None,data/sample/images/U1915.png,[],1.56,0.043,92.9
U1916,B119,Variant-Gamma,2026-09-18 09:04:00,0,None,data/sample/images/U1916.png,[],1.4,-0.028,98.6
U1917,B119,Variant-Alpha,2026-09-18 09:08:00,0,None,data/sample/images/U1917.png,[],1.25,-0.006,93.7
U1918,B119,Variant-Alpha,2026-09-18 09:12:00,0,None,data/sample/images/U1918.png,[],1.12,0.007,91.2
U1919,B119,Variant-Alpha,2026-09-18 09:16:00,0,None,data/sample/images/U1919.png,[],1.58,-0.005,96.8
U1920,B119,Variant-Alpha,2026-09-18 09:20:00,1,Surface Scratch,data/sample/images/U1920.png,"[26,56,16,27]",2.57,0.2,86.6
U1921,B119,Variant-Alpha,2026-09-18 09:24:00,0,None,data/sample/images/U1921.png,[],1.42,-0.006,95.0
U1922,B119,Variant-Alpha,2026-09-18 09:28:00,0,None,data/sample/images/U1922.png,[],1.25,0.021,93.7
U1923,B119,Variant-Beta,2026-09-18 09:32:00,0,None,data/sample/images/U1923.png,[],1.48,0.007,97.1
U1924,B119,Variant-Beta,2026-09-18 09:36:00,0,None,data/sample/images/U1924.png,[],1.05,0.006,93.5
U1925,B119,Variant-Alpha,2026-09-18 09:40:00,0,None,data/sample/images/U1925.png,[],1.34,0.017,88.8
U1926,B119,Variant-Alpha,2026-09-18 09:44:00,0,None,data/sample/images/U1926.png,[],1.51,-0.003,94.7
U1927,B119,Variant-Alpha,2026-09-18 09:48:00,0,None,data/sample/images/U1927.png,[],1.19,0.014,94.2
U1928,B119,Variant-Beta,2026-09-18 09:52:00,0,None,data/sample/images/U1928.png,[],1.09,0.042,95.5
U1929,B119,Variant-Alpha,2026-09-18 09:56:00,0,None,data/sample/images/U1929.png,[],1.48,0.053,95.7
U1930,B119,Variant-Alpha,2026-09-18 10:00:00,0,None,data/sample/images/U1930.png,[],1.32,0.044,92.6
U1931,B119,Variant-Alpha,2026-09-18 10:04:00,0,None,data/sample/images/U1931.png,[],0.73,-0.056,86.6
U1932,B119,Variant-Beta,2026-09-18 10:08:00,0,None,data/sample/images/U1932.png,[],1.21,0.064,96.3
U1933,B119,Variant-Alpha,2026-09-18 10:12:00,0,None,data/sample/images/U1933.png,[],1.54,-0.042,93.9
U1934,B119,Variant-Gamma,2026-09-18 10:16:00,0,None,data/sample/images/U1934.png,[],1.26,0.037,96.5
U1935,B119,Variant-Alpha,2026-09-18 10:20:00,0,None,data/sample/images/U1935.png,[],1.64,0.024,92.3
U1936,B119,Variant-Alpha,2026-09-18 10:24:00,0,None,data/sample/images/U1936.png,[],1.15,-0.001,96.5
U1937,B119,Variant-Beta,2026-09-18 10:28:00,0,None,data/sample/images/U1937.png,[],1.22,-0.015,94.6
U1938,B119,Variant-Gamma,2026-09-18 10:32:00,0,None,data/sample/images/U1938.png,[],1.37,-0.042,95.8
U1939,B119,Variant-Alpha,2026-09-18 10:36:00,0,None,data/sample/images/U1939.png,[],1.06,0.039,97.6
U1940,B119,Variant-Beta,2026-09-18 10:40:00,0,None,data/sample/images/U1940.png,[],1.21,-0.005,98.6
U1941,B119,Variant-Beta,2026-09-18 10:44:00,0,None,data/sample/images/U1941.png,[],1.12,-0.013,91.8
U1942,B119,Variant-Alpha,2026-09-18 10:48:00,0,None,data/sample/images/U1942.png,[],1.24,0.024,97.2
U1943,B119,Variant-Alpha,2026-09-18 10:52:00,0,None,data/sample/images/U1943.png,[],1.34,0.033,98.1
U1944,B119,Variant-Alpha,2026-09-18 10:56:00,0,None,data/sample/images/U1944.png,[],1.07,-0.036,96.4
U1945,B119,Variant-Alpha,2026-09-18 11:00:00,0,None,data/sample/images/U1945.png,[],1.35,0.064,93.1
U1946,B119,Variant-Alpha,2026-09-18 11:04:00,0,None,data/sample/images/U1946.png,[],1.14,0.036,95.6
U1947,B119,Variant-Alpha,2026-09-18 11:08:00,0,None,data/sample/images/U1947.png,[],1.31,0.099,97.8
U1948,B119,Variant-Beta,2026-09-18 11:12:00,1,Contamination,data/sample/images/U1948.png,"[55,35,21,23]",2.67,0.126,82.1
U1949,B119,Variant-Gamma,2026-09-18 11:16:00,1,Pinhole Void,data/sample/images/U1949.png,"[53,44,29,27]",2.88,0.151,78.3
U1950,B120,Variant-Beta,2026-09-18 12:00:00,0,None,data/sample/images/U1950.png,[],1.04,0.013,91.6
U1951,B120,Variant-Gamma,2026-09-18 12:04:00,0,None,data/sample/images/U1951.png,[],1.34,-0.013,94.6
U1952,B120,Variant-Beta,2026-09-18 12:08:00,0,None,data/sample/images/U1952.png,[],1.34,0.032,94.5
U1953,B120,Variant-Alpha,2026-09-18 12:12:00,0,None,data/sample/images/U1953.png,[],1.32,0.02,91.5
U1954,B120,Variant-Beta,2026-09-18 12:16:00,0,None,data/sample/images/U1954.png,[],1.45,0.006,93.8
U1955,B120,Variant-Gamma,2026-09-18 12:20:00,0,None,data/sample/images/U1955.png,[],1.18,-0.004,95.3
U1956,B120,Variant-Beta,2026-09-18 12:24:00,0,None,data/sample/images/U1956.png,[],1.13,0.04,90.9
U1957,B120,Variant-Beta,2026-09-18 12:28:00,0,None,data/sample/images/U1957.png,[],1.37,-0.02,95.2
U1958,B120,Variant-Alpha,2026-09-18 12:32:00,0,None,data/sample/images/U1958.png,[],1.44,0.043,94.5
U1959,B120,Variant-Gamma,2026-09-18 12:36:00,0,None,data/sample/images/U1959.png,[],1.07,0.038,94.6
U1960,B120,Variant-Beta,2026-09-18 12:40:00,0,None,data/sample/images/U1960.png,[],1.25,0.057,91.4
U1961,B120,Variant-Gamma,2026-09-18 12:44:00,0,None,data/sample/images/U1961.png,[],0.68,-0.044,91.8
U1962,B120,Variant-Alpha,2026-09-18 12:48:00,0,None,data/sample/images/U1962.png,[],1.38,-0.008,88.6
U1963,B120,Variant-Alpha,2026-09-18 12:52:00,0,None,data/sample/images/U1963.png,[],1.22,0.011,95.2
U1964,B120,Variant-Alpha,2026-09-18 12:56:00,0,None,data/sample/images/U1964.png,[],1.34,-0.053,88.8
U1965,B120,Variant-Alpha,2026-09-18 13:00:00,0,None,data/sample/images/U1965.png,[],1.38,-0.034,92.5
U1966,B120,Variant-Alpha,2026-09-18 13:04:00,0,None,data/sample/images/U1966.png,[],1.12,0.038,98.5
U1967,B120,Variant-Alpha,2026-09-18 13:08:00,0,None,data/sample/images/U1967.png,[],1.17,0.038,92.2
U1968,B120,Variant-Alpha,2026-09-18 13:12:00,0,None,data/sample/images/U1968.png,[],1.31,0.006,98.2
U1969,B120,Variant-Alpha,2026-09-18 13:16:00,0,None,data/sample/images/U1969.png,[],1.09,0.009,94.0
U1970,B120,Variant-Alpha,2026-09-18 13:20:00,0,None,data/sample/images/U1970.png,[],1.24,0.023,94.7
U1971,B120,Variant-Alpha,2026-09-18 13:24:00,0,None,data/sample/images/U1971.png,[],1.39,0.045,91.2
U1972,B120,Variant-Alpha,2026-09-18 13:28:00,0,None,data/sample/images/U1972.png,[],1.36,0.037,89.1
U1973,B120,Variant-Alpha,2026-09-18 13:32:00,0,None,data/sample/images/U1973.png,[],1.27,0.062,92.7
U1974,B120,Variant-Beta,2026-09-18 13:36:00,0,None,data/sample/images/U1974.png,[],1.37,0.01,97.8
U1975,B120,Variant-Alpha,2026-09-18 13:40:00,0,None,data/sample/images/U1975.png,[],1.35,-0.005,95.8
U1976,B120,Variant-Beta,2026-09-18 13:44:00,0,None,data/sample/images/U1976.png,[],1.35,0.02,97.8
U1977,B120,Variant-Alpha,2026-09-18 13:48:00,0,None,data/sample/images/U1977.png,[],1.67,0.045,97.2
U1978,B120,Variant-Alpha,2026-09-18 13:52:00,0,None,data/sample/images/U1978.png,[],1.16,-0.014,92.6
U1979,B120,Variant-Alpha,2026-09-18 13:56:00,0,None,data/sample/images/U1979.png,[],1.01,0.022,94.4
U1980,B120,Variant-Alpha,2026-09-18 14:00:00,0,None,data/sample/images/U1980.png,[],1.28,-0.003,103.1
U1981,B120,Variant-Beta,2026-09-18 14:04:00,0,None,data/sample/images/U1981.png,[],1.49,-0.006,91.7
U1982,B120,Variant-Beta,2026-09-18 14:08:00,0,None,data/sample/images/U1982.png,[],1.13,0.049,97.3
U1983,B120,Variant-Beta,2026-09-18 14:12:00,0,None,data/sample/images/U1983.png,[],1.5,-0.015,95.8
U1984,B120,Variant-Alpha,2026-09-18 14:16:00,0,None,data/sample/images/U1984.png,[],1.11,0.071,95.1
U1985,B120,Variant-Alpha,2026-09-18 14:20:00,0,None,data/sample/images/U1985.png,[],1.36,-0.014,91.1
U1986,B120,Variant-Alpha,2026-09-18 14:24:00,1,Pinhole Void,data/sample/images/U1986.png,"[32,28,25,18]",2.95,0.17,78.8
U1987,B120,Variant-Alpha,2026-09-18 14:28:00,0,None,data/sample/images/U1987.png,[],1.07,0.038,97.1
U1988,B120,Variant-Alpha,2026-09-18 14:32:00,0,None,data/sample/images/U1988.png,[],1.3,-0.014,93.0
U1989,B120,Variant-Beta,2026-09-18 14:36:00,0,None,data/sample/images/U1989.png,[],1.49,-0.03,95.1
U1990,B120,Variant-Alpha,2026-09-18 14:40:00,0,None,data/sample/images/U1990.png,[],1.49,0.06,99.2
U1991,B120,Variant-Beta,2026-09-18 14:44:00,0,None,data/sample/images/U1991.png,[],1.3,0.031,93.1
U1992,B120,Variant-Beta,2026-09-18 14:48:00,0,None,data/sample/images/U1992.png,[],1.02,0.01,97.6
U1993,B120,Variant-Beta,2026-09-18 14:52:00,0,None,data/sample/images/U1993.png,[],0.86,-0.001,96.0
U1994,B120,Variant-Alpha,2026-09-18 14:56:00,0,None,data/sample/images/U1994.png,[],1.25,0.058,97.3
U1995,B120,Variant-Alpha,2026-09-18 15:00:00,0,None,data/sample/images/U1995.png,[],1.0,0.018,92.5
U1996,B120,Variant-Beta,2026-09-18 15:04:00,0,None,data/sample/images/U1996.png,[],1.12,-0.032,93.4
U1997,B120,Variant-Gamma,2026-09-18 15:08:00,0,None,data/sample/images/U1997.png,[],1.33,0.043,97.2
U1998,B120,Variant-Alpha,2026-09-18 15:12:00,0,None,data/sample/images/U1998.png,[],1.21,0.052,94.4
U1999,B120,Variant-Alpha,2026-09-18 15:16:00,0,None,data/sample/images/U1999.png,[],1.34,0.011,95.4
